Date,Meal,Calories,Fat (g),Saturated Fat,Polyunsaturated Fat,Monounsaturated Fat,Trans Fat,Cholesterol,Sodium (mg),Potassium,Carbohydrates (g),Fiber,Sugar,Protein (g),Vitamin A,Vitamin C,Calcium,Iron,Note
2017-09-14,Breakfast,600.0,29.0,10.0,1.0,0.5,0.0,415.0,1060.0,0.0,44.0,1.0,19.0,41.0,12.0,24.0,27.0,16.0,
2017-09-14,Dinner,497.5,5.5,0.0,0.0,0.0,0.0,0.0,755.0,465.0,61.0,7.5,4.0,47.0,140.0,12.0,15.5,38.0,
2017-09-14,Lunch,1029.5,43.7,10.0,10.1,16.9,0.0,0.0,1071.2,1262.2,130.6,16.7,69.2,45.9,32.1,65.0,47.1,45.5,
2017-09-14,Snacks,490.0,6.0,1.0,1.0,0.0,0.0,0.0,490.0,400.0,93.0,6.0,11.0,16.0,15.0,4.0,2.0,26.0,
2017-09-15,Breakfast,800.0,45.0,16.0,1.0,0.5,0.0,455.0,1540.0,0.0,44.0,1.0,19.0,53.0,12.0,44.0,27.0,16.0,
2018-08-12,Lunch,1305.0,58.0,16.0,0.0,0.0,0.0,70.0,3470.0,0.0,160.0,40.0,16.5,40.5,0.0,0.0,0.0,0.0,
2018-09-13,Breakfast,447.0,26.5,6.1,1.9,7.0,0.0,555.0,435.0,354.0,29.0,6.0,2.5,23.5,35.0,12.0,16.5,22.0,
2018-09-13,Dinner,755.0,19.0,1.0,0.0,0.0,0.0,0.0,1915.0,0.0,125.0,28.0,5.5,24.5,0.0,0.0,0.0,0.0,
2018-09-13,Lunch,470.0,5.5,1.0,0.0,0.0,0.0,140.0,1950.0,0.0,46.0,4.0,10.0,63.0,0.0,0.0,0.0,0.0,
2018-09-13,Snacks,1860.0,105.0,60.0,0.0,0.0,0.0,50.0,3720.0,150.0,232.0,8.0,16.0,102.0,0.0,0.0,0.0,4.0,
2020-09-08,Snacks,480.0,20.0,6.0,0.0,0.0,0.0,10.0,440.0,300.0,46.0,2.0,0.0,40.0,0.0,0.0,16.0,12.0,
2021-01-06,Breakfast,190.0,3.0,1.5,0.0,1.0,0.0,0.0,395.0,370.0,17.0,6.0,7.0,21.0,0.0,0.0,0.0,10.0,
2021-01-31,Breakfast,590.0,5.0,1.0,0.0,0.0,0.0,0.0,1320.0,0.0,110.0,2.0,50.0,28.0,0.0,0.0,17.0,72.0,
2021-01-31,Dinner,660.0,28.0,4.0,0.0,0.0,0.0,0.0,1500.0,2520.0,61.0,31.0,18.0,54.0,2.0,170.0,30.0,90.0,
2021-01-31,Lunch,774.9,17.6,4.7,3.7,6.7,0.0,102.0,476.0,1195.6,120.0,11.2,35.5,39.3,44.2,407.2,58.8,26.7,
2021-01-31,Snacks,670.0,18.5,7.5,0.5,1.5,0.0,70.0,585.0,202.0,57.0,9.0,39.0,57.0,10.0,0.0,55.0,30.0,
2021-02-01,Breakfast,640.0,6.5,1.0,0.0,0.0,0.0,5.0,1390.0,0.0,115.0,4.0,52.0,33.0,0.0,0.0,17.0,74.0,
2021-02-01,Dinner,660.0,28.0,4.0,0.0,0.0,0.0,0.0,1500.0,2520.0,61.0,31.0,18.0,54.0,2.0,170.0,30.0,90.0,
2021-02-01,Lunch,807.0,17.1,4.7,3.7,6.7,0.0,102.0,446.0,575.0,127.0,4.4,17.0,38.0,8.0,163.0,9.0,33.0,
2021-02-01,Snacks,670.0,18.5,7.5,0.5,1.5,0.0,70.0,585.0,202.0,57.0,9.0,39.0,57.0,10.0,0.0,55.0,30.0,
2021-02-02,Breakfast,396.5,4.8,1.6,1.0,1.8,0.0,186.0,371.0,349.0,52.9,0.0,0.2,30.8,80.0,0.0,28.0,12.9,
2021-02-02,Dinner,590.0,21.0,3.0,0.0,0.0,0.0,0.0,1313.4,2520.0,60.0,30.7,17.3,53.3,1.3,113.3,28.0,86.7,
2021-02-02,Lunch,957.0,17.1,4.7,3.7,6.7,0.0,102.0,446.0,575.0,162.0,4.4,17.0,41.0,8.0,163.0,9.0,41.0,
2021-02-02,Snacks,731.9,19.2,7.5,0.9,1.6,0.0,70.0,586.4,435.3,70.8,16.6,46.0,59.0,25.8,30.2,96.8,30.9,
2021-02-03,Breakfast,956.5,26.8,1.6,1.0,1.8,0.0,186.0,571.0,349.0,126.9,0.0,24.2,54.8,80.0,0.0,28.0,12.9,
2021-02-03,Dinner,410.0,9.0,3.0,0.0,0.0,0.0,0.0,540.0,0.0,35.0,1.0,4.0,49.0,0.0,0.0,0.0,0.0,
2021-02-03,Lunch,582.0,17.1,4.7,3.7,6.7,0.0,102.0,446.0,575.0,74.5,4.4,17.0,33.5,8.0,163.0,9.0,21.0,
2021-02-03,Snacks,731.9,19.2,7.5,0.9,1.6,0.0,70.0,586.4,435.3,70.8,16.6,46.0,59.0,25.8,30.2,96.8,30.9,
2021-02-04,Breakfast,551.9,15.7,4.0,0.9,1.6,0.0,45.0,406.4,425.3,47.8,11.6,26.0,48.0,25.8,30.2,102.8,22.9,
2021-02-04,Dinner,830.0,27.0,7.0,0.0,0.0,0.0,65.0,1393.4,0.0,102.0,8.7,15.3,43.3,1.3,113.3,8.0,46.7,
2021-02-04,Lunch,917.0,19.1,5.2,3.7,6.7,0.0,102.0,446.0,575.0,129.0,4.4,17.0,60.0,8.0,163.0,9.0,33.0,
2021-02-04,Snacks,420.0,15.0,0.0,0.0,0.0,0.0,0.0,0.0,0.0,44.0,0.0,0.0,30.0,0.0,0.0,0.0,0.0,
2021-02-05,Breakfast,754.0,19.0,7.5,0.5,1.5,0.0,70.0,585.0,202.0,78.0,12.6,54.0,58.1,10.0,0.0,55.0,30.0,
2021-02-05,Dinner,1015.0,41.5,15.0,0.0,0.0,0.0,185.0,2670.0,0.0,104.0,22.0,16.5,58.5,10.0,2.0,2.0,10.0,
2021-02-05,Lunch,683.7,5.9,1.7,0.0,0.0,0.0,21.7,20.0,1593.0,121.0,32.4,19.0,38.7,12.0,163.0,11.0,75.7,
2021-02-05,Snacks,240.0,10.0,3.0,0.0,0.0,0.0,0.0,220.0,130.0,23.0,1.0,0.0,20.0,0.0,0.0,10.0,8.0,
2021-02-06,Breakfast,300.0,4.0,0.5,0.0,0.0,0.0,40.2,318.0,0.0,26.0,4.0,15.0,43.0,10.0,4.0,30.0,0.0,
2021-02-06,Dinner,740.0,18.0,2.5,0.0,0.0,0.0,0.0,1333.4,0.0,104.0,8.7,15.3,41.3,1.3,113.3,8.0,26.7,
2021-02-06,Lunch,1047.0,29.1,9.7,3.7,6.7,0.0,167.0,506.0,1205.0,124.0,18.4,18.0,72.0,10.0,163.0,11.0,75.0,
2021-02-06,Snacks,556.0,32.0,14.0,0.0,0.0,0.0,0.0,1600.0,0.0,19.0,4.0,6.0,44.0,0.0,0.0,0.0,0.0,
2021-02-07,Breakfast,640.0,8.0,1.0,0.0,0.0,0.0,10.0,1360.0,0.0,108.0,6.0,42.0,38.0,0.0,0.0,17.0,76.0,
2021-02-07,Dinner,1024.0,46.2,6.5,0.0,0.0,0.0,60.0,1250.0,333.0,128.0,11.4,26.0,32.7,23.0,188.0,11.0,17.0,
2021-02-07,Lunch,711.5,16.8,6.6,1.0,1.8,0.0,251.0,431.0,979.0,67.4,14.0,1.2,66.3,82.0,0.0,30.0,58.9,
2021-02-07,Snacks,800.0,27.5,9.5,0.5,1.5,0.0,135.0,1095.0,62.0,50.0,5.0,30.0,74.0,10.0,2.0,71.0,34.0,
2021-02-08,Breakfast,641.5,10.3,2.6,1.5,3.3,0.0,231.0,481.0,656.0,62.4,10.0,19.7,56.8,91.0,0.0,80.0,37.9,
2021-02-08,Dinner,739.0,25.2,2.2,0.0,0.0,0.0,0.0,1990.0,333.0,107.7,25.7,32.3,33.8,8.0,163.0,19.0,61.0,
2021-02-08,Lunch,610.0,17.9,4.7,3.7,6.7,0.0,102.0,446.0,872.0,67.0,14.0,1.0,43.3,2.0,0.0,4.0,46.0,
2021-02-08,Snacks,679.0,18.2,7.1,1.0,3.0,0.0,30.0,780.0,586.0,85.3,9.5,54.4,43.4,30.0,0.0,64.0,22.0,
2021-02-09,Breakfast,490.0,13.0,4.0,1.0,3.0,0.0,30.0,610.0,516.0,57.0,6.0,39.0,34.0,30.0,0.0,62.0,14.0,
2021-02-09,Dinner,765.3,19.4,1.4,0.0,0.0,0.0,0.0,1669.9,666.0,128.5,29.7,48.8,34.8,16.0,326.0,26.0,62.0,
2021-02-09,Lunch,1125.0,35.3,9.4,7.4,13.4,0.0,204.0,892.0,1429.0,118.0,21.0,1.5,80.1,3.0,0.0,7.0,77.0,
2021-02-09,Snacks,448.0,12.4,6.2,0.0,0.0,0.0,10.0,370.0,220.0,53.6,5.0,24.8,35.8,0.0,0.0,10.0,12.0,
2021-02-10,Breakfast,1020.0,13.0,3.0,1.0,1.0,0.0,20.0,1985.0,160.0,181.0,7.0,78.0,49.0,6.0,0.0,27.0,80.0,
2021-02-10,Dinner,811.3,19.0,3.4,0.0,0.0,0.0,80.0,1749.9,0.0,102.5,8.9,14.8,59.4,0.0,4.0,8.0,24.0,
2021-02-10,Lunch,610.0,17.9,4.7,3.7,6.7,0.0,102.0,446.0,872.0,67.0,14.0,1.0,43.3,2.0,0.0,4.0,46.0,
2021-02-10,Snacks,490.0,13.0,4.0,1.0,3.0,0.0,30.0,610.0,516.0,57.0,6.0,39.0,34.0,30.0,0.0,62.0,14.0,
2021-04-15,Breakfast,737.0,52.5,15.1,1.4,7.0,0.0,1180.0,495.0,354.0,6.0,5.0,0.5,60.5,38.0,12.0,12.5,41.0,
2021-04-15,Lunch,674.0,55.0,13.1,2.7,14.0,0.0,160.0,180.0,708.0,12.0,10.0,1.0,36.9,4.0,24.0,29.0,20.0,
2021-04-15,Snacks,390.0,19.0,3.0,3.0,8.0,0.0,20.0,325.0,355.0,26.0,3.0,18.0,33.0,10.0,0.0,77.0,6.0,
2021-05-14,Breakfast,819.0,12.0,0.0,3.8,1.3,0.0,20.2,514.0,1140.0,102.5,9.5,71.5,79.0,27.0,15.0,120.0,19.0,
2021-05-14,Dinner,972.0,35.5,6.1,2.9,17.0,0.0,85.0,90.0,669.0,133.0,12.0,1.0,39.0,3.0,12.0,25.5,42.0,
2021-05-14,Lunch,445.0,20.5,5.8,0.0,0.0,0.0,652.5,775.0,140.0,29.0,1.5,2.5,36.5,18.0,0.0,6.0,12.0,
2021-05-14,Snacks,483.9,13.1,3.8,3.2,3.6,0.0,59.4,234.6,1481.3,65.0,14.3,17.1,31.4,95.8,406.2,44.9,25.1,
2021-09-14,Breakfast,600.0,31.5,11.5,1.0,3.0,0.0,595.0,920.0,680.0,18.0,2.0,15.0,55.0,48.0,0.0,76.0,18.0,
2021-09-14,Dinner,584.6,14.1,4.5,0.0,0.0,0.0,70.0,70.0,0.0,85.0,2.1,0.0,31.5,0.0,0.0,4.3,19.3,
2021-09-14,Lunch,698.0,19.0,3.5,5.0,9.0,0.0,0.0,467.0,1180.0,126.0,10.0,46.0,18.0,4.0,30.0,8.0,21.0,
2021-09-14,Snacks,901.7,29.7,19.1,0.1,0.5,0.0,20.0,402.5,1500.0,87.9,9.5,54.3,73.8,92.5,223.0,149.5,13.8,
2021-09-15,Breakfast,500.0,20.5,4.5,1.0,3.0,0.0,565.0,820.0,680.0,18.0,2.0,15.0,55.0,38.0,0.0,76.0,18.0,
2021-09-15,Dinner,867.3,19.0,2.3,0.0,0.0,0.0,2.5,876.0,1342.5,133.0,11.3,23.5,42.3,2.0,15.0,4.0,7.6,
2021-09-15,Lunch,686.0,14.0,4.5,0.0,0.0,0.0,70.0,71.0,450.0,113.0,5.0,19.0,32.0,2.0,15.0,4.0,21.0,
2021-09-15,Snacks,607.5,20.2,12.0,0.7,0.1,0.0,40.0,582.5,1345.0,76.0,19.3,40.2,35.5,57.5,52.5,136.5,17.6,
2021-09-16,Breakfast,580.0,23.5,4.0,1.0,3.0,0.0,380.0,920.0,540.0,34.0,8.0,17.0,59.0,32.0,0.0,180.0,16.0,
2021-09-16,Dinner,943.3,20.0,2.3,0.0,0.0,0.0,2.5,875.0,1002.5,142.0,10.3,6.5,47.3,0.0,0.0,4.0,6.4,
2021-09-16,Lunch,649.0,14.2,4.5,0.0,0.0,0.0,70.0,70.0,333.0,102.0,6.4,17.0,32.7,8.0,163.0,11.0,20.0,
2021-09-16,Snacks,500.0,19.0,12.0,0.0,0.0,0.0,40.0,580.0,940.0,52.0,6.0,28.0,32.0,30.0,0.0,64.0,16.0,
2021-09-17,Breakfast,240.0,5.5,0.0,1.0,3.0,0.0,10.0,460.0,540.0,18.0,2.0,15.0,27.0,20.0,0.0,70.0,6.0,
2021-09-17,Dinner,1086.6,12.4,0.0,0.0,0.0,0.0,0.0,0.0,1828.0,169.4,10.0,4.0,68.6,0.0,0.0,2.0,16.0,
2021-09-17,Lunch,540.6,5.0,0.0,0.0,0.0,0.0,0.0,0.0,0.0,90.7,2.3,0.0,34.3,0.0,0.0,4.5,4.5,
2021-09-17,Snacks,946.3,34.7,16.0,1.5,4.0,0.0,25.0,813.7,1403.6,139.0,20.4,74.5,33.2,10.0,178.0,87.0,29.0,
2021-09-18,Breakfast,240.0,5.5,0.0,1.0,3.0,0.0,10.0,460.0,540.0,18.0,2.0,15.0,27.0,20.0,0.0,70.0,6.0,
2021-09-18,Dinner,1180.0,44.5,15.0,0.0,0.0,0.0,185.0,3210.0,0.0,133.0,25.0,15.5,64.5,10.0,2.0,2.0,8.0,
2021-09-18,Lunch,1516.3,38.7,7.5,0.0,0.0,0.0,64.0,1359.0,1298.0,223.7,11.0,36.0,72.3,166.0,124.0,50.0,31.0,
2021-09-18,Snacks,120.0,0.5,0.0,0.0,0.0,0.0,10.0,160.0,180.0,2.0,0.0,1.0,25.0,0.0,0.0,10.0,2.0,
2021-09-19,Breakfast,570.0,21.8,7.0,1.5,4.0,0.0,78.1,775.6,90.0,58.3,13.4,3.4,42.6,6.9,2.5,72.1,19.5,
2021-09-19,Dinner,720.0,16.0,0.0,0.0,0.0,0.0,0.0,0.0,0.0,128.0,0.0,0.0,26.0,0.0,0.0,0.0,0.0,
2021-09-19,Lunch,1138.3,8.6,1.1,0.1,0.0,0.0,0.0,1502.5,2510.0,199.3,16.5,70.3,68.4,77.5,223.0,134.5,89.8,
2021-09-19,Snacks,374.4,13.1,1.5,2.5,7.0,0.0,10.0,497.5,801.0,32.9,4.4,25.1,31.3,76.6,42.3,85.8,7.1,
2021-09-20,Breakfast,510.0,23.5,4.0,3.0,8.0,0.0,10.0,555.0,360.0,26.0,8.0,6.0,52.0,0.0,0.0,118.0,6.0,
2021-09-20,Dinner,983.3,20.3,2.3,0.0,0.0,0.0,2.5,975.0,1148.8,150.0,11.3,6.8,48.6,0.0,0.0,4.0,6.5,
2021-09-20,Lunch,617.3,17.3,3.1,3.8,3.8,0.0,63.0,94.0,0.0,90.5,2.3,0.0,30.0,6.0,6.0,5.5,7.5,
2021-09-20,Snacks,1109.4,30.1,8.0,0.0,0.0,0.0,0.0,1680.0,171.0,165.9,9.4,62.6,44.8,56.6,42.3,18.8,31.1,
2021-09-21,Breakfast,533.3,3.2,0.0,0.0,0.0,0.0,10.0,160.0,1900.0,62.7,8.0,5.0,58.3,0.0,0.0,10.0,18.0,
2021-09-21,Dinner,740.0,16.0,5.0,0.0,0.0,0.0,20.0,1920.0,980.0,118.0,4.0,16.0,26.0,0.0,0.0,20.0,12.0,
2021-09-21,Lunch,738.8,38.4,8.6,0.6,0.0,0.6,40.6,852.5,0.0,79.1,6.4,8.1,20.1,6.3,21.4,12.4,24.8,
2021-09-21,Snacks,1009.7,24.6,6.0,0.0,0.0,0.0,35.0,425.2,671.6,125.9,7.4,73.6,69.8,56.6,42.3,48.8,18.1,
2021-09-22,Breakfast,510.0,23.5,4.0,3.0,8.0,0.0,10.0,555.0,360.0,26.0,8.0,6.0,52.0,0.0,0.0,118.0,6.0,
2021-09-22,Dinner,1080.0,44.5,9.5,0.0,0.0,0.0,140.0,2890.0,0.0,106.0,4.0,12.0,60.5,0.0,7.5,31.0,33.0,
2021-09-22,Lunch,843.5,18.5,3.1,3.8,3.8,0.0,63.0,94.0,0.0,140.5,3.5,0.0,35.0,6.0,6.0,8.0,10.0,
2021-09-22,Snacks,640.0,5.0,1.0,0.0,0.0,0.0,0.0,1420.0,0.0,122.0,2.0,62.0,28.0,0.0,0.0,17.0,72.0,
2021-09-23,Breakfast,510.0,23.5,4.0,3.0,8.0,0.0,10.0,555.0,360.0,26.0,8.0,6.0,52.0,0.0,0.0,118.0,6.0,
2021-09-23,Dinner,780.0,12.0,4.5,0.0,0.0,0.0,90.0,1380.0,0.0,126.0,9.0,3.0,36.0,0.0,0.0,12.0,18.0,
2021-09-23,Lunch,613.3,4.2,0.0,0.0,0.0,0.0,0.0,0.0,0.0,111.7,0.0,0.0,34.3,0.0,0.0,0.0,24.0,
2021-09-23,Snacks,873.9,31.0,8.1,5.5,8.5,0.0,102.1,205.4,38.2,116.4,2.8,0.0,39.1,12.1,7.8,8.8,10.6,
2021-09-24,Breakfast,510.0,23.5,4.0,3.0,8.0,0.0,10.0,555.0,360.0,26.0,8.0,6.0,52.0,0.0,0.0,118.0,6.0,
2021-09-24,Dinner,935.3,31.0,11.1,0.0,0.0,0.0,102.5,1630.2,330.6,118.5,8.0,15.0,39.5,0.0,0.0,34.0,19.0,
2021-09-24,Lunch,737.6,21.4,3.9,4.8,4.8,0.0,78.8,117.5,0.0,105.6,2.6,0.0,36.8,7.5,7.5,6.6,9.1,
2021-09-24,Snacks,900.0,12.0,3.0,1.0,4.0,0.0,0.0,1640.0,191.0,164.0,6.0,83.0,37.0,2.0,6.0,32.0,82.0,
2021-12-07,Breakfast,530.0,13.0,1.0,1.0,3.0,0.0,10.0,720.0,460.0,55.0,8.0,41.0,47.0,20.0,0.0,172.0,6.0,
2021-12-07,Dinner,655.0,17.5,2.0,1.5,10.0,0.0,0.0,0.0,0.0,84.9,0.0,0.0,45.3,0.0,0.0,0.0,0.0,
2021-12-07,Lunch,992.0,6.0,0.5,0.0,0.0,0.0,0.0,1340.0,690.0,174.0,20.0,41.0,55.0,0.0,6.0,74.0,6.0,
2021-12-07,Snacks,487.0,16.0,6.0,3.0,1.0,0.0,65.0,1661.0,129.0,45.0,4.0,12.0,36.0,0.0,2.0,9.0,31.0,
2021-12-12,Breakfast,530.0,13.0,1.0,1.0,3.0,0.0,10.0,720.0,460.0,55.0,8.0,41.0,47.0,20.0,0.0,172.0,6.0,
2021-12-12,Dinner,652.0,6.0,0.5,0.0,0.0,0.0,0.0,1330.0,690.0,125.0,16.0,0.0,26.0,0.0,0.0,74.0,4.0,
2021-12-12,Lunch,1055.0,29.0,7.0,2.5,10.0,0.0,50.0,1615.0,0.0,126.9,1.0,10.0,73.3,0.0,0.0,6.0,14.0,
2021-12-12,Snacks,665.0,13.5,4.6,1.2,6.6,0.0,27.0,319.0,218.0,101.0,12.0,73.0,33.0,1.0,6.0,3.0,20.0,
2021-12-14,Breakfast,530.0,13.0,1.0,1.0,3.0,0.0,10.0,720.0,460.0,55.0,8.0,41.0,47.0,20.0,0.0,172.0,6.0,
2021-12-14,Dinner,998.2,34.0,5.4,4.3,8.3,0.1,166.4,226.2,330.2,128.1,0.0,0.0,56.5,1.5,0.0,1.4,7.4,
2021-12-14,Lunch,430.0,3.0,1.5,0.0,1.0,0.0,0.0,105.0,90.0,66.0,10.0,48.0,30.0,0.0,6.0,0.0,12.0,
2021-12-14,Snacks,652.0,6.0,0.5,0.0,0.0,0.0,0.0,1330.0,690.0,125.0,16.0,0.0,26.0,0.0,0.0,74.0,4.0,
2021-12-15,Breakfast,530.0,13.0,1.0,1.0,3.0,0.0,10.0,720.0,460.0,55.0,8.0,41.0,47.0,20.0,0.0,172.0,6.0,
2021-12-15,Dinner,1139.0,23.5,3.5,1.5,0.0,0.0,0.0,1886.0,1108.0,189.0,23.0,15.0,49.0,0.0,2.0,85.0,38.0,
2021-12-15,Lunch,800.0,23.0,10.0,2.0,0.0,0.0,100.0,3230.0,0.0,84.0,2.0,20.0,56.0,0.0,0.0,12.0,28.0,
2021-12-15,Snacks,430.0,3.0,1.5,0.0,1.0,0.0,0.0,105.0,90.0,66.0,10.0,48.0,30.0,0.0,6.0,0.0,12.0,
2021-12-16,Breakfast,230.0,5.0,0.0,1.0,3.0,0.0,10.0,400.0,460.0,17.0,2.0,15.0,27.0,20.0,0.0,66.0,4.0,
2021-12-16,Dinner,1052.0,17.5,5.5,1.0,0.0,0.0,50.0,2945.0,690.0,167.0,17.0,10.0,54.0,0.0,0.0,80.0,18.0,
2021-12-16,Lunch,657.0,19.5,2.0,1.5,10.0,0.0,0.0,0.0,0.0,80.9,2.0,0.0,41.3,0.0,0.0,4.0,4.0,
2021-12-16,Snacks,870.0,20.5,4.5,1.5,1.0,0.0,0.0,615.0,379.0,127.0,14.0,61.0,45.0,0.0,6.0,8.0,29.0,
2021-12-17,Breakfast,1100.0,25.5,4.5,2.5,4.0,0.0,10.0,1015.0,839.0,144.0,16.0,76.0,72.0,20.0,6.0,74.0,33.0,
2021-12-17,Dinner,657.0,19.5,2.0,1.5,10.0,0.0,0.0,0.0,0.0,80.9,2.0,0.0,41.3,0.0,0.0,4.0,4.0,
2021-12-17,Lunch,800.0,23.0,10.0,2.0,0.0,0.0,100.0,3230.0,0.0,84.0,2.0,20.0,56.0,0.0,0.0,12.0,28.0,
2021-12-17,Snacks,300.0,8.0,1.0,0.0,0.0,0.0,0.0,320.0,0.0,38.0,6.0,26.0,20.0,0.0,0.0,106.0,2.0,
2021-12-18,Breakfast,460.5,17.5,10.0,0.0,0.0,0.0,65.1,380.4,741.1,30.0,2.0,27.0,46.0,0.0,0.0,46.1,2.0,
2021-12-18,Dinner,1815.0,75.0,29.0,10.5,24.0,1.0,305.0,4160.0,1935.0,190.0,27.0,10.0,71.0,56.0,20.0,96.0,69.0,
2021-12-18,Lunch,495.0,27.0,0.0,0.0,0.0,0.0,0.0,1097.0,0.0,102.0,0.0,22.0,20.0,0.0,0.0,0.0,0.0,
2021-12-20,Breakfast,1297.0,33.0,5.0,1.0,3.0,0.0,10.0,2306.0,775.0,164.0,15.0,85.0,90.0,20.0,2.0,194.0,97.0,
2021-12-20,Dinner,570.3,7.5,12.1,0.0,0.0,0.0,0.0,71.8,0.0,82.2,6.6,13.0,41.6,0.0,43.8,5.3,7.0,
2021-12-20,Lunch,702.0,31.1,8.5,9.5,10.6,0.4,71.9,1563.2,369.2,70.8,3.1,5.7,33.0,8.3,21.1,34.7,25.0,
2021-12-20,Snacks,470.0,7.5,2.5,2.0,2.0,0.0,15.0,105.0,90.0,66.0,10.0,48.0,30.0,0.0,6.0,0.0,12.0,
2021-12-21,Breakfast,657.0,28.0,4.0,1.0,3.0,0.0,10.0,886.0,775.0,42.0,13.0,23.0,62.0,20.0,2.0,177.0,25.0,
2021-12-21,Dinner,1227.0,65.1,22.8,0.0,0.0,0.0,0.0,2080.0,0.0,106.6,9.1,10.9,53.8,0.0,16.0,4.0,8.0,
2021-12-21,Lunch,652.0,6.0,0.5,0.0,0.0,0.0,0.0,1330.0,690.0,125.0,16.0,0.0,26.0,0.0,0.0,74.0,4.0,
2021-12-21,Snacks,340.0,7.5,2.5,2.0,2.0,0.0,15.0,105.0,90.0,51.0,10.0,34.0,16.0,0.0,6.0,0.0,12.0,
2021-12-22,Breakfast,657.0,28.0,4.0,1.0,3.0,0.0,10.0,886.0,775.0,42.0,13.0,23.0,62.0,20.0,2.0,177.0,25.0,
2021-12-22,Dinner,570.3,7.5,12.1,0.0,0.0,0.0,0.0,71.8,0.0,82.2,6.6,13.0,41.6,0.0,43.8,5.3,7.0,
2021-12-22,Lunch,1340.0,28.0,8.1,2.0,5.0,0.0,87.5,2097.5,320.0,204.0,16.0,62.5,67.8,0.0,0.0,20.0,101.9,
2021-12-22,Snacks,340.0,7.5,2.5,2.0,2.0,0.0,15.0,105.0,90.0,51.0,10.0,34.0,16.0,0.0,6.0,0.0,12.0,
2021-12-24,Breakfast,917.0,10.0,1.0,1.0,3.0,0.0,10.0,1866.0,589.0,142.0,7.0,79.0,63.0,20.0,2.0,86.0,93.0,
2021-12-24,Lunch,537.0,5.5,0.0,0.0,0.0,0.0,0.0,0.0,0.0,80.9,2.0,0.0,41.3,0.0,0.0,4.0,4.0,
2021-12-26,Breakfast,867.0,10.0,1.0,1.0,3.0,0.0,10.0,1766.0,589.0,130.0,7.0,67.0,63.0,20.0,2.0,86.0,93.0,
2021-12-26,Dinner,340.0,7.5,2.5,2.0,2.0,0.0,15.0,105.0,90.0,51.0,10.0,34.0,16.0,0.0,6.0,0.0,12.0,
2021-12-26,Lunch,612.0,17.0,5.6,0.0,0.0,0.0,87.5,87.5,0.0,80.0,2.0,0.0,36.8,0.0,0.0,4.0,22.8,
2021-12-26,Snacks,889.2,33.5,21.0,4.3,8.3,0.1,166.4,528.2,423.2,98.3,11.6,17.8,52.9,1.5,50.0,61.4,17.4,
2021-12-27,Breakfast,867.0,10.0,1.0,1.0,3.0,0.0,10.0,1766.0,589.0,130.0,7.0,67.0,63.0,20.0,2.0,86.0,93.0,
2021-12-28,Breakfast,867.0,10.0,1.0,1.0,3.0,0.0,10.0,1766.0,589.0,130.0,7.0,67.0,63.0,20.0,2.0,86.0,93.0,
2021-12-28,Dinner,903.2,33.5,7.7,4.3,8.3,0.1,168.9,1201.2,1355.2,102.1,9.0,4.5,49.0,1.5,0.0,5.4,29.2,
2021-12-28,Lunch,699.2,22.0,19.0,4.3,8.3,0.1,166.4,308.2,330.2,87.3,7.6,14.8,39.4,1.5,50.0,7.4,15.4,
2021-12-28,Snacks,300.0,3.0,1.5,0.0,1.0,0.0,0.0,105.0,90.0,51.0,10.0,34.0,16.0,0.0,6.0,0.0,12.0,
2021-12-29,Breakfast,1067.0,14.0,1.5,1.0,3.0,0.0,10.0,1926.0,589.0,163.0,10.0,92.0,73.0,20.0,2.0,139.0,94.0,
2021-12-29,Dinner,596.0,7.5,13.6,0.0,0.0,0.0,0.0,82.0,0.0,88.1,7.6,14.8,42.2,0.0,50.0,6.0,8.0,
2021-12-29,Lunch,903.2,33.5,7.7,4.3,8.3,0.1,168.9,1201.2,1355.2,102.1,9.0,4.5,49.0,1.5,0.0,5.4,29.2,
2022-01-20,Breakfast,403.0,14.7,8.0,2.0,1.0,0.0,15.0,741.0,12.0,33.6,3.8,15.4,30.3,0.0,25.0,3.0,4.0,
2022-01-20,Dinner,730.0,15.0,5.6,0.0,0.0,0.0,87.5,87.5,0.0,108.0,0.0,0.0,40.8,0.0,0.0,0.0,18.8,
2022-01-20,Lunch,740.0,12.0,2.0,2.0,5.0,0.0,0.0,1920.0,1010.0,127.0,28.0,0.5,29.0,0.0,0.0,73.0,11.1,
2022-01-20,Snacks,721.0,11.0,5.0,1.5,3.0,0.0,0.0,277.0,775.0,100.0,13.0,54.0,62.0,2.0,23.0,19.0,43.2,
2022-02-12,Breakfast,260.0,10.0,1.0,0.0,0.0,0.0,0.0,700.0,12.0,10.0,0.0,8.0,28.0,0.0,0.0,0.0,0.0,
2022-02-12,Dinner,868.1,35.2,6.7,4.8,4.8,0.0,79.6,944.3,463.4,99.1,8.2,14.2,42.8,7.5,7.5,6.7,33.2,
2022-02-12,Lunch,257.0,15.0,4.5,0.0,0.0,0.0,555.0,256.0,339.0,3.0,3.0,2.0,26.0,18.0,2.0,9.0,29.0,
2022-02-12,Snacks,780.0,26.5,13.5,0.0,0.0,0.0,100.0,1070.0,950.0,54.8,1.0,26.0,79.5,0.0,0.0,95.6,14.6,
2022-02-15,Lunch,1905.1,76.7,24.7,4.8,4.8,0.0,734.6,2270.3,1752.4,156.9,12.2,42.2,148.3,25.5,9.5,111.3,76.8,
2022-02-17,Breakfast,1648.1,61.7,20.2,4.8,4.8,0.0,179.6,2014.3,1413.4,153.9,9.2,40.2,122.3,7.5,7.5,102.3,47.8,
2022-02-17,Lunch,640.0,6.0,1.0,0.0,0.0,0.0,0.0,1320.0,0.0,110.3,2.0,50.0,37.5,0.0,0.0,17.0,72.0,
2022-02-19,Breakfast,333.3,2.7,0.0,0.0,0.0,0.0,0.0,0.0,0.0,45.7,0.0,0.0,30.3,0.0,0.0,0.0,0.0,
2022-02-19,Lunch,1133.0,36.0,6.0,0.0,0.0,0.0,64.0,1089.0,0.0,129.0,2.0,11.0,70.0,12.0,8.0,40.0,18.0,
2022-02-22,Breakfast,590.0,27.5,12.0,0.0,0.0,0.0,630.0,700.0,1090.0,29.0,0.0,24.0,59.0,18.0,0.0,73.0,16.0,
2022-02-22,Dinner,822.5,18.8,3.9,4.8,4.8,0.0,78.8,117.5,0.0,126.6,0.0,0.0,40.3,7.5,7.5,1.3,3.8,
2022-02-22,Lunch,447.0,14.0,6.0,0.0,0.0,0.0,25.0,626.0,199.0,28.8,4.0,4.0,46.5,0.0,2.0,31.6,27.6,
2022-02-22,Snacks,357.5,21.1,3.6,0.0,0.0,0.0,0.0,425.0,162.8,21.0,7.8,5.5,26.1,0.0,0.0,107.8,3.8,
2022-02-23,Breakfast,637.0,26.5,12.0,0.0,0.0,0.0,630.0,756.0,1339.0,20.0,3.0,14.0,77.0,48.0,2.0,78.0,33.0,
2022-02-23,Dinner,1292.5,16.3,3.1,0.0,0.0,0.0,8.8,2247.5,1540.0,238.5,32.5,25.5,45.5,100.0,0.0,93.7,21.0,
2022-02-23,Snacks,290.0,11.0,5.0,1.5,3.0,0.0,0.0,220.0,196.0,31.0,3.0,20.0,20.0,0.0,0.0,16.0,22.2,
2022-02-24,Breakfast,707.0,31.5,13.5,0.0,0.0,0.0,815.0,826.0,1409.0,20.0,3.0,14.0,83.0,54.0,2.0,80.0,37.0,
2022-02-24,Dinner,888.1,35.2,6.7,4.8,4.8,0.0,79.6,924.3,463.4,105.1,8.2,12.2,42.8,7.5,7.5,6.7,43.2,
2022-02-24,Lunch,556.3,3.9,0.3,0.3,0.3,0.0,0.0,3.1,109.4,88.3,1.3,0.2,36.9,0.0,0.0,3.1,21.9,
2022-02-25,Breakfast,637.0,26.5,12.0,0.0,0.0,0.0,630.0,756.0,1339.0,20.0,3.0,14.0,77.0,48.0,2.0,78.0,33.0,
2022-02-25,Dinner,1045.6,46.4,9.0,7.6,7.6,0.0,126.8,994.8,463.4,105.5,8.2,12.2,58.5,12.0,12.0,7.4,45.4,
2022-02-25,Lunch,556.3,3.9,0.3,0.3,0.3,0.0,0.0,3.1,109.4,88.3,1.3,0.2,36.9,0.0,0.0,3.1,21.9,
2022-02-26,Breakfast,817.0,41.5,15.0,0.0,0.0,0.0,630.0,876.0,1525.0,28.0,5.0,18.0,84.0,48.0,2.0,80.0,35.0,
2022-02-26,Dinner,775.6,19.4,2.8,0.0,0.0,0.0,0.8,806.8,463.4,105.3,8.2,12.2,45.0,0.0,0.0,5.4,39.4,
2022-02-26,Lunch,596.3,10.9,4.3,0.3,0.3,0.0,80.0,63.1,109.4,87.5,1.3,0.2,32.4,0.0,0.0,3.1,31.9,
2022-02-26,Snacks,240.0,10.0,3.0,0.0,0.0,0.0,0.0,220.0,130.0,23.0,1.0,0.0,20.0,0.0,0.0,10.0,8.0,
2022-03-07,Breakfast,517.0,22.0,9.0,0.0,0.0,0.0,610.0,636.0,939.0,14.0,3.0,8.0,64.0,33.0,2.0,48.0,33.0,
2022-03-07,Lunch,670.0,4.2,0.4,0.4,0.4,0.0,0.0,4.0,140.0,112.8,1.6,0.2,39.3,0.0,0.0,4.0,28.0,
2022-03-08,Breakfast,350.0,9.5,4.5,0.5,1.5,0.0,55.0,530.0,660.0,13.0,1.0,21.0,39.0,25.0,0.0,84.0,8.0,
2022-03-08,Dinner,786.0,35.9,13.4,0.0,0.0,0.0,192.5,265.8,0.0,54.9,0.6,9.6,63.3,10.0,0.0,0.0,37.5,
2022-03-08,Lunch,670.0,4.2,0.4,0.4,0.4,0.0,0.0,4.0,140.0,112.8,1.6,0.2,39.3,0.0,0.0,4.0,28.0,
2022-03-09,Breakfast,657.0,27.0,10.5,0.0,0.0,0.0,795.0,726.0,1009.0,16.0,3.0,8.0,85.0,39.0,2.0,50.0,37.0,
2022-03-09,Dinner,1122.5,17.2,3.4,0.3,0.3,0.0,8.8,2250.5,1645.0,196.5,33.7,25.7,39.6,100.0,0.0,96.7,42.0,
2022-03-09,Lunch,400.0,14.0,6.0,1.0,0.5,0.0,25.0,570.0,20.0,27.8,1.0,1.0,38.5,0.0,0.0,27.6,8.6,
2022-03-13,Breakfast,607.0,24.5,9.0,0.5,1.5,0.0,610.0,786.0,999.0,16.0,4.0,23.0,65.0,43.0,2.0,93.0,37.0,
2022-03-13,Dinner,1045.6,46.4,9.0,7.6,7.6,0.0,126.8,994.8,463.4,105.5,8.2,12.2,58.5,12.0,12.0,7.4,45.4,
2022-03-13,Lunch,540.0,3.9,0.3,0.3,0.3,0.0,0.0,3.0,105.0,84.8,1.2,0.2,36.6,0.0,0.0,3.0,21.0,
2022-04-04,Dinner,1260.6,44.9,8.6,9.5,9.5,0.0,158.3,1331.8,3.4,142.8,10.2,16.2,78.0,15.0,15.0,7.9,38.9,
2022-04-04,Lunch,850.0,37.5,13.0,0.0,1.0,0.0,75.0,1035.0,1276.0,56.0,14.0,25.0,79.0,30.0,0.0,177.0,18.0,
2022-04-05,Dinner,1007.9,18.7,7.3,0.5,0.5,0.0,0.0,115.0,195.0,147.3,2.3,0.3,55.1,0.0,0.0,5.3,38.3,
2022-04-05,Lunch,760.0,34.5,11.5,0.0,0.0,0.0,75.0,940.0,1186.0,39.0,8.0,18.0,78.0,30.0,0.0,177.0,8.0,
2022-04-12,Dinner,1056.8,24.3,7.6,0.0,0.0,0.0,0.8,1096.8,3.4,141.5,10.2,16.2,66.1,0.0,0.0,5.4,31.4,
2022-04-12,Snacks,560.0,26.5,10.5,0.0,0.0,0.0,75.0,620.0,1186.0,25.0,2.0,16.0,58.0,30.0,0.0,71.0,6.0,
2022-05-21,Breakfast,790.0,34.5,13.0,0.0,0.0,0.0,630.0,1030.0,1000.0,31.0,6.0,14.0,89.0,48.0,0.0,181.0,18.0,
2022-05-21,Dinner,655.0,5.1,0.4,0.4,0.4,0.0,0.0,3.5,122.5,99.0,1.4,0.2,47.5,0.0,0.0,3.5,24.5,
2022-05-21,Lunch,568.0,22.9,16.7,5.7,5.7,0.0,94.5,269.0,129.0,51.0,10.6,16.8,44.1,9.0,61.0,10.5,29.5,
2022-05-21,Snacks,214.0,1.0,0.0,0.0,0.0,0.0,0.0,1.0,910.0,55.0,7.0,32.0,3.0,4.0,165.0,4.0,2.0,
2022-06-15,Breakfast,287.0,10.0,3.0,0.0,0.0,0.0,0.0,266.0,259.0,26.0,4.0,2.0,28.0,0.0,2.0,13.0,25.0,
2022-06-15,Dinner,820.0,11.0,1.5,1.5,4.0,0.0,0.0,510.0,980.0,121.0,18.0,12.5,55.0,0.0,0.0,12.0,30.5,
2022-06-15,Lunch,540.0,21.0,6.0,0.0,0.0,0.0,130.0,1560.0,0.0,56.0,10.0,14.0,38.0,0.0,0.0,35.6,28.0,
2022-06-15,Snacks,444.0,11.0,3.0,0.0,0.0,0.0,35.0,321.0,1203.0,64.0,8.0,34.0,31.5,4.0,165.0,14.0,7.0,
2022-06-18,Breakfast,521.0,22.9,16.7,5.7,5.7,0.0,94.5,223.0,0.0,48.0,7.6,14.8,36.1,9.0,59.0,7.5,12.5,
2022-06-18,Lunch,1025.0,25.0,6.3,0.3,0.3,0.0,130.0,1562.5,87.5,126.8,11.0,14.1,75.2,0.0,0.0,38.1,45.5,
2022-06-18,Snacks,240.0,10.0,3.0,0.0,0.0,0.0,0.0,220.0,130.0,23.0,1.0,0.0,20.0,0.0,0.0,10.0,8.0,
2022-06-19,Breakfast,304.0,6.0,3.5,0.0,0.0,0.0,5.0,221.0,530.0,57.0,17.0,19.5,22.0,2.0,15.0,11.0,3.1,
2022-06-19,Dinner,410.0,3.2,0.0,0.0,0.0,0.0,0.0,560.0,1240.0,58.8,4.0,6.0,36.4,0.0,90.0,4.0,12.0,
2022-06-19,Lunch,1315.0,50.5,17.5,0.0,0.0,0.0,265.0,3575.0,2.0,131.0,23.0,14.5,83.5,12.0,4.0,4.0,23.0,
2022-06-19,Snacks,250.0,9.5,3.0,0.0,0.0,0.0,40.0,670.0,200.0,15.0,2.0,6.0,27.0,0.0,0.0,16.8,14.0,
2022-06-20,Breakfast,970.0,35.0,4.5,0.0,0.0,0.0,585.0,285.0,0.0,124.0,0.0,33.0,43.0,18.0,0.0,6.0,12.0,
2022-06-20,Snacks,140.0,2.5,1.5,0.0,0.0,0.0,35.0,260.0,200.0,5.0,0.0,0.0,25.0,0.0,0.0,9.0,4.0,
2022-08-07,Breakfast,380.0,11.5,7.5,0.0,0.0,0.0,75.0,500.0,1000.0,17.0,0.0,12.0,51.0,30.0,0.0,69.0,4.0,
2022-08-07,Dinner,745.0,18.5,2.3,0.0,0.0,0.0,2.5,1335.0,10.0,101.5,8.5,14.5,41.5,0.0,0.0,8.0,24.0,
2022-08-07,Lunch,485.0,4.0,0.3,0.3,0.3,0.0,0.0,2.5,87.5,70.8,1.0,0.1,37.2,0.0,0.0,2.5,17.5,
2022-08-07,Snacks,477.0,19.0,4.0,0.0,0.0,0.0,370.0,506.0,729.0,39.0,13.0,17.0,42.0,14.0,152.0,117.0,27.0,
2022-08-15,Breakfast,260.0,7.0,4.5,0.0,0.0,0.0,55.0,380.0,600.0,11.0,0.0,6.0,38.0,15.0,0.0,39.0,4.0,
2022-08-15,Dinner,525.0,4.8,0.3,0.3,0.3,0.0,0.0,2.5,87.5,71.0,1.0,0.1,44.8,0.0,0.0,2.5,17.5,
2022-08-15,Lunch,1035.3,45.4,16.2,2.1,3.3,0.0,589.4,684.2,837.8,123.8,13.5,26.4,42.1,18.6,0.0,16.1,46.1,
2022-08-15,Snacks,454.0,19.5,2.6,1.4,7.0,0.0,0.0,371.0,943.0,45.0,18.0,17.5,31.5,4.0,164.0,113.5,21.0,
2022-08-16,Breakfast,260.0,7.0,4.5,0.0,0.0,0.0,55.0,380.0,600.0,11.0,0.0,6.0,38.0,15.0,0.0,39.0,4.0,
2022-08-16,Dinner,525.0,4.8,0.3,0.3,0.3,0.0,0.0,2.5,87.5,71.0,1.0,0.1,44.8,0.0,0.0,2.5,17.5,
2022-08-16,Lunch,454.0,19.5,2.6,1.4,7.0,0.0,0.0,371.0,943.0,45.0,18.0,17.5,31.5,4.0,164.0,113.5,21.0,
2022-08-16,Snacks,805.0,20.3,2.3,0.0,0.0,0.0,2.5,1335.0,10.0,101.5,8.5,14.5,52.5,0.0,0.0,8.0,24.0,
2022-08-17,Breakfast,260.0,7.0,4.5,0.0,0.0,0.0,55.0,380.0,600.0,11.0,0.0,6.0,38.0,15.0,0.0,39.0,4.0,
2022-08-17,Dinner,745.0,18.5,2.3,0.0,0.0,0.0,2.5,1335.0,10.0,101.5,8.5,14.5,41.5,0.0,0.0,8.0,24.0,
2022-08-17,Lunch,540.0,27.0,10.5,0.0,0.0,0.0,588.0,615.0,351.0,54.0,3.0,15.0,27.0,18.0,0.0,9.9,18.0,
2022-08-17,Snacks,662.0,5.8,0.3,0.3,0.3,0.0,0.0,48.5,676.5,96.0,8.0,15.1,54.8,2.0,152.0,9.5,34.5,
2022-08-18,Breakfast,380.0,11.5,7.5,0.0,0.0,0.0,75.0,500.0,1000.0,17.0,0.0,12.0,51.0,30.0,0.0,69.0,4.0,
2022-08-18,Lunch,875.0,11.9,3.4,0.4,2.4,0.0,0.0,193.5,302.5,133.2,13.4,14.2,57.1,0.0,0.0,3.5,44.5,
2022-08-18,Snacks,1113.0,61.5,16.6,0.0,0.0,7.0,31.0,1770.0,0.0,76.0,7.0,8.8,51.0,0.0,0.0,6.5,0.0,
2022-08-21,Breakfast,380.0,11.5,7.5,0.0,0.0,0.0,75.0,500.0,1000.0,17.0,0.0,12.0,51.0,30.0,0.0,69.0,4.0,
2022-08-21,Dinner,437.0,19.0,6.0,0.0,1.0,0.0,555.0,351.0,889.0,42.0,13.0,22.0,29.0,20.0,152.0,13.0,39.0,
2022-08-21,Lunch,655.0,5.1,0.4,0.4,0.4,0.0,0.0,3.5,122.5,99.0,1.4,0.2,47.5,0.0,0.0,3.5,24.5,
2022-08-21,Snacks,745.0,18.5,2.3,0.0,0.0,0.0,2.5,1335.0,10.0,101.5,8.5,14.5,41.5,0.0,0.0,8.0,24.0,
2022-08-22,Breakfast,671.9,41.4,17.3,0.2,1.9,0.0,969.1,736.2,488.2,36.0,2.0,10.0,42.0,30.0,0.0,20.9,26.5,
2022-08-22,Dinner,1149.0,21.7,2.3,0.0,0.0,0.0,2.5,1350.0,10.0,163.7,11.5,17.5,72.0,0.0,0.0,8.0,39.0,
2022-08-22,Lunch,260.0,7.0,4.5,0.0,0.0,0.0,55.0,380.0,600.0,11.0,0.0,6.0,38.0,15.0,0.0,39.0,4.0,
2022-08-22,Snacks,47.0,0.0,0.0,0.0,0.0,0.0,0.0,46.0,129.0,3.0,3.0,2.0,8.0,0.0,2.0,3.0,17.0,
2022-08-23,Breakfast,671.9,41.4,17.3,0.2,1.9,0.0,969.1,736.2,488.2,36.0,2.0,10.0,42.0,30.0,0.0,20.9,26.5,
2022-08-23,Dinner,965.0,18.8,2.3,0.0,0.0,0.0,2.5,1345.0,10.0,143.2,10.5,16.5,53.1,0.0,0.0,8.0,34.0,
2022-08-23,Lunch,260.0,7.0,4.5,0.0,0.0,0.0,55.0,380.0,600.0,11.0,0.0,6.0,38.0,15.0,0.0,39.0,4.0,
2022-08-23,Snacks,230.0,3.5,1.5,0.0,0.0,0.0,35.0,260.0,660.0,27.0,4.0,13.0,27.0,2.0,150.0,13.0,4.0,
2022-08-25,Breakfast,2525.0,116.0,44.3,0.0,0.0,2.0,292.5,4645.0,10.0,234.5,17.5,23.5,127.5,0.0,0.0,8.0,34.0,
2022-08-27,Breakfast,260.0,7.0,4.5,0.0,0.0,0.0,55.0,380.0,600.0,11.0,0.0,6.0,38.0,15.0,0.0,39.0,4.0,
2022-08-27,Dinner,795.0,11.2,4.4,0.4,0.4,0.0,75.0,1374.0,140.0,124.0,4.6,7.2,38.8,45.0,12.0,12.0,43.0,
2022-08-27,Lunch,974.0,33.1,7.8,3.7,3.2,0.0,645.0,264.7,679.4,129.7,17.4,19.6,45.8,18.0,0.0,15.4,51.2,
2022-08-27,Snacks,277.0,3.5,1.5,0.0,0.0,0.0,35.0,306.0,789.0,30.0,7.0,15.0,35.0,2.0,152.0,16.0,21.0,
2022-08-29,Breakfast,260.0,7.0,4.5,0.0,0.0,0.0,55.0,380.0,600.0,11.0,0.0,6.0,38.0,15.0,0.0,39.0,4.0,
2022-08-29,Dinner,737.0,32.8,8.4,1.9,1.6,0.0,860.0,324.9,386.2,74.8,9.2,18.8,42.2,24.0,0.0,13.2,36.1,
2022-08-29,Lunch,780.0,13.6,5.4,0.4,0.4,0.0,93.8,1396.0,122.5,110.0,4.4,7.2,43.8,45.0,12.0,12.0,43.3,
2022-08-29,Snacks,277.0,3.5,1.5,0.0,0.0,0.0,35.0,306.0,789.0,30.0,7.0,15.0,35.0,2.0,152.0,16.0,21.0,
2022-08-31,Breakfast,440.5,18.5,11.5,0.0,0.0,0.0,85.1,470.4,841.1,29.0,0.0,24.0,41.0,0.0,0.0,49.1,4.0,
2022-08-31,Dinner,765.2,13.6,5.4,0.4,0.4,0.0,93.8,1158.5,122.5,108.0,3.4,6.2,42.8,30.2,8.0,10.0,43.3,
2022-08-31,Lunch,737.0,32.8,8.4,1.9,1.6,0.0,860.0,324.9,386.2,74.8,9.2,18.8,42.2,24.0,0.0,13.2,36.1,
2022-08-31,Snacks,137.0,1.0,0.0,0.0,0.0,0.0,0.0,46.0,589.0,25.0,7.0,15.0,10.0,2.0,152.0,7.0,17.0,
2022-09-01,Breakfast,737.0,32.8,8.4,1.9,1.6,0.0,860.0,324.9,386.2,74.8,9.2,18.8,42.2,24.0,0.0,13.2,36.1,
2022-09-01,Dinner,230.0,3.5,2.0,0.0,0.0,0.0,15.0,250.0,520.0,8.0,0.0,7.0,42.0,0.0,0.0,100.0,0.0,
2022-09-01,Lunch,1075.0,28.5,7.3,0.0,0.0,0.0,96.3,1457.5,10.0,142.5,10.5,16.5,57.8,0.0,0.0,10.5,52.8,
2022-09-09,Breakfast,667.0,27.8,6.9,1.9,1.6,0.0,555.0,274.9,386.2,74.8,9.2,18.8,32.2,18.0,0.0,11.2,32.1,
2022-09-09,Dinner,577.5,19.5,11.5,0.0,0.0,0.0,85.1,516.4,1430.1,54.0,7.0,39.0,51.0,2.0,152.0,56.1,21.0,
2022-09-09,Lunch,715.2,5.1,0.4,0.4,0.4,0.0,0.0,1046.0,122.5,109.0,3.4,6.2,49.5,30.2,8.0,7.5,24.5,
2022-09-09,Snacks,280.0,2.5,0.5,0.0,0.0,0.0,0.0,510.0,0.0,53.0,1.0,23.0,14.0,0.0,0.0,8.5,36.0,
2022-09-10,Breakfast,607.0,27.8,6.9,1.9,1.6,0.0,555.0,274.9,386.2,58.8,9.2,2.8,32.2,18.0,0.0,11.2,32.1,
2022-09-10,Lunch,380.0,5.0,0.0,0.0,0.0,0.0,40.0,240.0,900.0,34.0,6.0,24.0,50.0,0.0,0.0,660.0,0.0,
2022-09-11,Breakfast,607.0,27.8,6.9,1.9,1.6,0.0,555.0,274.9,386.2,58.8,9.2,2.8,32.2,18.0,0.0,11.2,32.1,
2022-09-11,Dinner,380.0,11.5,7.5,0.0,0.0,0.0,75.0,500.0,1000.0,17.0,0.0,12.0,51.0,30.0,0.0,69.0,4.0,
2022-09-11,Lunch,915.0,7.9,0.5,0.5,0.5,0.0,0.0,4.5,157.5,127.7,1.8,0.2,74.9,0.0,0.0,4.5,31.5,
2022-09-12,Breakfast,667.0,27.8,6.9,1.9,1.6,0.0,555.0,274.9,386.2,74.8,9.2,18.8,32.2,18.0,0.0,11.2,32.1,
2022-09-12,Dinner,47.0,0.0,0.0,0.0,0.0,0.0,0.0,46.0,129.0,3.0,3.0,2.0,8.0,0.0,2.0,3.0,17.0,
2022-09-12,Lunch,1225.2,16.8,8.0,0.5,0.5,0.0,75.0,1547.0,1157.5,154.0,3.8,18.2,103.2,60.2,8.0,77.5,35.5,
2022-09-13,Breakfast,667.0,27.8,6.9,1.9,1.6,0.0,555.0,274.9,386.2,74.8,9.2,18.8,32.2,18.0,0.0,11.2,32.1,
2022-09-13,Dinner,380.0,11.5,7.5,0.0,0.0,0.0,75.0,500.0,1000.0,17.0,0.0,12.0,51.0,30.0,0.0,69.0,4.0,
2022-09-13,Lunch,845.2,5.3,0.5,0.5,0.5,0.0,0.0,1047.0,157.5,137.0,3.8,6.2,52.2,30.2,8.0,8.5,31.5,
2022-09-13,Snacks,598.3,10.6,4.3,0.2,1.7,0.0,1.4,1024.3,100.6,101.0,3.3,38.6,28.9,0.6,0.0,18.0,80.0,
2022-09-15,Breakfast,667.0,27.8,6.9,1.9,1.6,0.0,555.0,274.9,386.2,74.8,9.2,18.8,32.2,18.0,0.0,11.2,32.1,
2022-09-19,Breakfast,667.0,27.8,6.9,1.9,1.6,0.0,555.0,274.9,386.2,74.8,9.2,18.8,32.2,18.0,0.0,11.2,32.1,
2022-09-19,Dinner,1240.0,41.5,10.0,0.0,0.0,0.0,260.0,3585.0,0.0,130.0,22.0,13.5,92.5,20.0,4.0,4.0,16.0,
2022-09-19,Lunch,380.0,11.5,7.5,0.0,0.0,0.0,75.0,500.0,1000.0,17.0,0.0,12.0,51.0,30.0,0.0,69.0,4.0,
2022-09-19,Snacks,500.0,5.0,1.0,0.0,0.0,0.0,0.0,1020.0,0.0,90.0,2.0,30.0,28.0,0.0,0.0,17.0,72.0,
2022-09-20,Breakfast,650.0,20.0,5.5,0.0,0.0,0.0,565.0,610.0,320.0,78.0,6.0,36.0,42.0,18.0,0.0,26.0,26.4,
2022-09-20,Dinner,845.2,5.3,0.5,0.5,0.5,0.0,0.0,1047.0,157.5,137.0,3.8,6.2,52.2,30.2,8.0,8.5,31.5,
2022-09-20,Lunch,613.3,11.1,4.3,0.2,1.7,0.0,1.4,1024.3,100.6,102.0,3.3,39.6,28.9,0.6,0.0,18.0,80.0,
2022-09-20,Snacks,939.0,30.1,11.4,4.8,4.8,0.0,150.6,660.8,1199.0,76.6,3.8,14.1,89.6,37.2,9.2,75.2,38.6,
2022-10-08,Breakfast,380.0,11.5,7.5,0.0,0.0,0.0,75.0,500.0,1000.0,17.0,0.0,12.0,51.0,30.0,0.0,69.0,4.0,
2022-10-08,Dinner,750.2,5.2,0.4,0.4,0.4,0.0,0.0,486.5,140.0,117.0,3.6,2.2,50.8,30.2,8.0,8.0,28.0,
2022-10-08,Lunch,517.0,20.3,5.4,1.9,1.6,0.0,555.0,214.9,293.2,54.8,8.2,0.8,28.7,18.0,0.0,10.2,31.1,
2022-11-01,Breakfast,977.0,31.8,12.9,1.9,1.6,0.0,630.0,724.9,1293.2,90.8,12.2,25.8,80.7,48.0,6.0,79.2,37.1,
2022-11-01,Dinner,860.2,5.2,0.4,0.4,0.4,0.0,5.0,1321.5,260.0,124.0,3.6,6.2,57.8,30.2,8.0,8.0,28.0,
2022-11-01,Lunch,458.0,18.4,15.7,4.6,4.6,0.0,75.6,194.8,0.0,47.8,7.6,14.8,29.8,7.2,57.2,7.2,11.6,
2022-11-01,Snacks,137.0,1.0,0.0,0.0,0.0,0.0,0.0,46.0,589.0,25.0,7.0,15.0,10.0,2.0,152.0,7.0,17.0,
2022-11-13,Breakfast,897.0,31.8,12.9,1.9,1.6,0.0,630.0,714.9,1293.2,71.8,8.2,12.8,79.7,48.0,0.0,79.2,35.1,
2022-11-13,Dinner,825.2,5.2,0.4,0.4,0.4,0.0,0.0,1886.5,140.0,132.0,3.6,12.2,50.8,30.2,8.0,8.0,28.0,
2022-11-13,Lunch,503.0,18.4,15.7,4.6,4.6,0.0,75.6,734.8,12.0,56.8,7.6,20.8,29.8,7.2,57.2,7.2,11.6,
2022-11-13,Snacks,47.0,0.0,0.0,0.0,0.0,0.0,0.0,46.0,129.0,3.0,3.0,2.0,8.0,0.0,2.0,3.0,17.0,
2022-11-14,Breakfast,897.0,31.8,12.9,1.9,1.6,0.0,630.0,714.9,1293.2,71.8,8.2,12.8,79.7,48.0,0.0,79.2,35.1,
2022-11-14,Dinner,750.2,5.2,0.4,0.4,0.4,0.0,0.0,486.5,140.0,117.0,3.6,2.2,50.8,30.2,8.0,8.0,28.0,
2022-11-14,Lunch,491.0,17.4,19.0,0.0,0.0,0.0,75.0,697.0,12.0,56.2,7.6,20.8,25.6,0.0,50.0,6.0,18.0,
2022-11-27,Breakfast,380.0,11.5,7.5,0.0,0.0,0.0,75.0,500.0,1000.0,17.0,0.0,12.0,51.0,30.0,0.0,69.0,4.0,
2022-11-27,Dinner,695.2,4.9,0.3,0.3,0.3,0.0,0.0,1885.5,105.0,104.0,3.2,12.2,48.1,30.2,8.0,7.0,21.0,
2022-11-27,Lunch,863.0,28.3,20.5,4.6,4.6,0.0,150.6,1289.8,12.0,101.2,16.6,21.7,57.7,13.8,59.6,24.6,28.4,
2022-11-27,Snacks,137.0,1.0,0.0,0.0,0.0,0.0,0.0,46.0,589.0,25.0,7.0,15.0,10.0,2.0,152.0,7.0,17.0,
2022-11-29,Breakfast,380.0,11.5,7.5,0.0,0.0,0.0,75.0,500.0,1000.0,17.0,0.0,12.0,51.0,30.0,0.0,69.0,4.0,
2022-11-29,Dinner,725.4,4.9,0.3,0.3,0.3,0.0,0.0,2368.0,105.0,108.0,5.2,14.2,50.1,60.4,16.0,11.0,21.0,
2022-11-29,Lunch,503.0,18.4,15.7,4.6,4.6,0.0,75.6,734.8,12.0,56.8,7.6,20.8,29.8,7.2,57.2,7.2,11.6,
2022-11-29,Snacks,137.0,1.0,0.0,0.0,0.0,0.0,0.0,46.0,589.0,25.0,7.0,15.0,10.0,2.0,152.0,7.0,17.0,
2022-11-30,Breakfast,380.0,11.5,7.5,0.0,0.0,0.0,75.0,500.0,1000.0,17.0,0.0,12.0,51.0,30.0,0.0,69.0,4.0,
2022-11-30,Dinner,1025.0,20.0,2.3,0.0,0.0,0.0,2.5,1345.0,10.0,143.5,10.5,16.5,64.5,0.0,0.0,8.0,34.0,
2022-11-30,Lunch,557.0,18.6,3.9,4.8,4.8,0.0,75.6,654.8,82.0,65.6,0.8,6.1,30.6,7.2,7.2,3.2,17.6,
2022-12-02,Breakfast,380.0,11.5,7.5,0.0,0.0,0.0,75.0,500.0,1000.0,17.0,0.0,12.0,51.0,30.0,0.0,69.0,4.0,
2022-12-02,Dinner,500.2,4.4,0.2,0.2,0.2,0.0,0.0,1884.0,52.5,62.0,2.6,12.1,44.1,30.2,8.0,5.5,10.5,
2022-12-02,Lunch,1165.9,41.8,22.9,6.5,6.2,0.0,630.8,612.0,293.2,133.7,18.9,37.8,69.2,27.2,64.7,20.3,55.9,
2022-12-03,Breakfast,260.0,7.0,4.5,0.0,0.0,0.0,55.0,380.0,600.0,11.0,0.0,6.0,38.0,15.0,0.0,39.0,4.0,
2022-12-03,Dinner,620.2,18.4,2.2,1.7,10.2,0.0,0.0,1884.0,52.5,62.0,2.6,12.1,44.1,30.2,8.0,5.5,10.5,
2022-12-03,Lunch,1192.0,48.4,21.0,8.2,14.9,0.0,116.0,2732.0,744.0,136.0,6.4,16.4,53.3,24.0,0.0,68.0,52.0,
2022-12-03,Snacks,137.0,1.0,0.0,0.0,0.0,0.0,0.0,46.0,589.0,25.0,7.0,15.0,10.0,2.0,152.0,7.0,17.0,
2022-12-04,Breakfast,380.0,11.5,7.5,0.0,0.0,0.0,75.0,500.0,1000.0,17.0,0.0,12.0,51.0,30.0,0.0,69.0,4.0,
2022-12-04,Dinner,565.2,4.6,0.2,0.2,0.2,0.0,0.0,1884.5,70.0,76.0,2.8,12.1,45.4,30.2,8.0,6.0,14.0,
2022-12-04,Lunch,1118.0,35.4,25.6,6.5,6.2,0.0,445.7,475.7,293.2,146.2,20.6,41.0,59.8,20.2,82.2,19.4,48.7,
2022-12-04,Snacks,137.0,1.0,0.0,0.0,0.0,0.0,0.0,46.0,589.0,25.0,7.0,15.0,10.0,2.0,152.0,7.0,17.0,
2022-12-05,Breakfast,380.0,11.5,7.5,0.0,0.0,0.0,75.0,500.0,1000.0,17.0,0.0,12.0,51.0,30.0,0.0,69.0,4.0,
2022-12-05,Dinner,565.2,4.6,0.2,0.2,0.2,0.0,0.0,1384.5,90.0,76.0,2.8,12.1,45.4,30.2,8.0,6.0,14.0,
2022-12-05,Lunch,1164.0,40.4,9.3,6.7,6.4,0.0,630.7,664.7,363.2,137.4,10.0,23.9,65.3,26.2,7.2,14.4,54.7,
2022-12-06,Breakfast,380.0,11.5,7.5,0.0,0.0,0.0,75.0,500.0,1000.0,17.0,0.0,12.0,51.0,30.0,0.0,69.0,4.0,
2022-12-06,Dinner,380.2,9.3,3.1,0.1,0.1,0.0,90.0,1683.5,55.0,36.0,2.4,4.1,32.7,30.2,8.0,9.0,19.0,
2022-12-06,Lunch,1164.0,40.4,9.3,6.7,6.4,0.0,630.7,664.7,363.2,137.4,10.0,23.9,65.3,26.2,7.2,14.4,54.7,
2022-12-06,Snacks,92.0,0.5,0.0,0.0,0.0,0.0,0.0,46.0,359.0,14.0,5.0,8.5,9.0,1.0,77.0,5.0,17.0,
2022-12-07,Breakfast,490.0,10.5,6.5,0.0,0.0,0.0,70.0,630.0,1120.0,19.0,0.0,13.0,80.0,15.0,0.0,139.0,4.0,
2022-12-07,Dinner,1045.0,25.0,5.3,0.0,0.0,0.0,92.5,2545.0,30.0,146.5,10.5,18.5,54.5,0.0,0.0,12.0,46.0,
2022-12-07,Lunch,252.0,18.0,3.7,4.6,4.6,0.0,75.6,112.8,0.0,0.6,0.0,0.0,25.2,7.2,7.2,1.2,3.6,
2022-12-07,Snacks,137.0,1.0,0.0,0.0,0.0,0.0,0.0,46.0,589.0,25.0,7.0,15.0,10.0,2.0,152.0,7.0,17.0,
2022-12-08,Breakfast,490.0,10.5,6.5,0.0,0.0,0.0,70.0,630.0,1120.0,19.0,0.0,13.0,80.0,15.0,0.0,139.0,4.0,
2022-12-08,Dinner,585.2,9.6,3.2,0.2,0.2,0.0,90.0,2584.5,110.0,79.0,2.8,14.1,35.4,30.2,8.0,10.0,26.0,
2022-12-08,Lunch,627.0,21.8,5.4,1.9,1.6,0.0,555.1,309.9,293.2,74.8,9.2,18.8,33.7,19.0,0.0,11.2,37.1,
2022-12-08,Snacks,357.0,9.0,6.0,0.5,1.0,0.0,10.0,186.0,672.0,48.0,10.0,16.0,30.0,2.0,152.0,15.0,17.0,
2022-12-09,Breakfast,490.0,10.5,6.5,0.0,0.0,0.0,70.0,630.0,1120.0,19.0,0.0,13.0,80.0,15.0,0.0,139.0,4.0,
2022-12-09,Dinner,533.2,9.5,3.2,0.2,0.2,0.0,90.0,2584.1,96.0,67.8,2.6,14.1,34.3,30.2,8.0,9.6,23.2,
2022-12-09,Lunch,602.0,22.3,5.4,1.9,1.6,0.0,555.1,310.4,330.7,67.3,11.2,8.8,33.7,20.0,3.0,12.2,38.1,
2022-12-09,Snacks,137.0,1.0,0.0,0.0,0.0,0.0,0.0,278.5,589.0,25.0,7.0,15.0,10.0,2.0,152.0,7.0,17.0,
2022-12-10,Breakfast,490.0,10.5,6.5,0.0,0.0,0.0,70.0,630.0,1120.0,19.0,0.0,13.0,80.0,15.0,0.0,139.0,4.0,
2022-12-10,Dinner,512.0,18.6,3.9,4.8,4.8,0.0,75.6,114.8,70.0,56.6,0.8,0.1,30.6,7.2,7.2,3.2,17.6,
2022-12-10,Lunch,567.0,21.8,5.4,1.9,1.6,0.0,555.1,542.4,293.2,58.8,9.2,2.8,33.7,19.0,0.0,11.2,37.1,
2022-12-10,Snacks,1078.0,44.0,19.0,0.0,0.0,0.0,122.0,2397.0,0.0,103.0,5.0,5.0,52.0,0.0,0.0,0.0,0.0,
2022-12-11,Breakfast,380.0,11.5,7.5,0.0,0.0,0.0,75.0,500.0,1000.0,17.0,0.0,12.0,51.0,30.0,0.0,69.0,4.0,
2022-12-11,Dinner,500.2,4.4,0.2,0.2,0.2,0.0,0.0,1384.0,72.5,62.0,2.6,12.1,44.1,30.2,8.0,5.5,10.5,
2022-12-11,Lunch,1079.0,40.4,9.3,6.7,6.4,0.0,630.7,424.7,363.2,115.4,10.0,2.9,64.3,26.2,7.2,14.4,54.7,
2022-12-11,Snacks,137.0,1.0,0.0,0.0,0.0,0.0,0.0,46.0,589.0,25.0,7.0,15.0,10.0,2.0,152.0,7.0,17.0,
2022-12-12,Breakfast,380.0,11.5,7.5,0.0,0.0,0.0,75.0,500.0,1000.0,17.0,0.0,12.0,51.0,30.0,0.0,69.0,4.0,
2022-12-12,Dinner,500.2,4.4,0.2,0.2,0.2,0.0,0.0,1384.0,72.5,62.0,2.6,12.1,44.1,30.2,8.0,5.5,10.5,
2022-12-12,Lunch,1004.0,38.7,20.8,6.1,5.8,0.0,624.4,495.3,293.2,106.6,16.8,17.6,61.4,25.6,56.6,18.3,48.4,
2022-12-12,Snacks,92.0,0.5,0.0,0.0,0.0,0.0,0.0,46.0,359.0,14.0,5.0,8.5,9.0,1.0,77.0,5.0,17.0,
2022-12-13,Breakfast,380.0,11.5,7.5,0.0,0.0,0.0,75.0,500.0,1000.0,17.0,0.0,12.0,51.0,30.0,0.0,69.0,4.0,
2022-12-13,Dinner,565.2,4.6,0.2,0.2,0.2,0.0,0.0,1384.5,90.0,76.0,2.8,12.1,45.4,30.2,8.0,6.0,14.0,
2022-12-13,Lunch,1004.0,38.7,20.8,6.1,5.8,0.0,624.4,495.3,293.2,106.6,16.8,17.6,61.4,25.6,56.6,18.3,48.4,
2022-12-13,Snacks,137.0,1.0,0.0,0.0,0.0,0.0,0.0,46.0,589.0,25.0,7.0,15.0,10.0,2.0,152.0,7.0,17.0,
2022-12-14,Breakfast,380.0,11.5,7.5,0.0,0.0,0.0,75.0,500.0,1000.0,17.0,0.0,12.0,51.0,30.0,0.0,69.0,4.0,
2022-12-14,Dinner,825.0,19.0,2.3,0.0,0.0,0.0,2.5,1335.0,10.0,102.5,8.5,14.5,57.5,0.0,0.0,8.0,24.0,
2022-12-14,Lunch,832.0,25.8,7.4,1.9,1.6,0.0,570.1,560.4,850.7,75.3,11.2,15.8,75.7,20.0,3.0,112.2,38.1,
2022-12-14,Snacks,92.0,0.5,0.0,0.0,0.0,0.0,0.0,46.0,359.0,14.0,5.0,8.5,9.0,1.0,77.0,5.0,17.0,
2022-12-15,Breakfast,380.0,11.5,7.5,0.0,0.0,0.0,75.0,500.0,1000.0,17.0,0.0,12.0,51.0,30.0,0.0,69.0,4.0,
2022-12-15,Dinner,565.2,4.6,0.2,0.2,0.2,0.0,0.0,1384.5,90.0,76.0,2.8,12.1,45.4,30.2,8.0,6.0,14.0,
2022-12-15,Lunch,1039.0,39.2,20.8,6.1,5.8,0.0,624.4,495.8,330.7,115.1,18.8,23.6,61.4,26.6,59.6,19.3,49.4,
2022-12-16,Breakfast,982.0,33.8,12.9,1.9,1.6,0.0,630.1,810.4,1330.7,84.3,11.2,20.8,84.7,50.0,3.0,81.2,42.1,
2022-12-16,Dinner,500.2,4.4,0.2,0.2,0.2,0.0,0.0,1384.0,72.5,62.0,2.6,12.1,44.1,30.2,8.0,5.5,10.5,
2022-12-16,Lunch,544.4,17.1,20.2,4.2,4.2,0.0,69.3,458.2,0.0,72.7,10.6,25.7,30.5,6.6,76.6,9.5,14.5,
2022-12-16,Snacks,92.0,0.5,0.0,0.0,0.0,0.0,0.0,46.0,359.0,14.0,5.0,8.5,9.0,1.0,77.0,5.0,17.0,
2022-12-17,Breakfast,1195.5,38.7,14.8,2.8,2.4,0.0,640.1,872.8,1677.3,114.8,15.3,24.2,96.5,57.5,3.0,98.3,51.7,
2022-12-17,Dinner,590.2,4.6,0.2,0.2,0.2,0.0,0.0,1624.5,90.0,82.0,2.8,17.1,46.4,30.2,8.0,6.0,14.0,
2022-12-17,Lunch,488.5,17.0,18.4,4.2,4.2,0.0,69.3,205.9,0.0,59.6,9.5,18.5,28.9,6.6,69.1,8.6,13.3,
2022-12-18,Breakfast,567.0,21.8,5.4,1.9,1.6,0.0,555.1,309.9,293.2,58.8,9.2,2.8,33.7,19.0,0.0,11.2,37.1,
2022-12-18,Dinner,480.0,17.6,7.2,0.2,0.2,2.0,70.0,67.0,70.0,56.0,0.8,0.1,26.4,0.0,0.0,2.0,24.0,
2022-12-18,Lunch,561.0,18.6,21.7,4.6,4.6,0.0,75.6,235.8,0.0,71.4,11.4,22.2,32.1,7.2,82.2,10.2,15.6,
2022-12-18,Snacks,137.0,1.0,0.0,0.0,0.0,0.0,0.0,46.0,589.0,25.0,7.0,15.0,10.0,2.0,152.0,7.0,17.0,
2022-12-19,Breakfast,982.0,33.8,12.9,1.9,1.6,0.0,630.1,810.4,1330.7,84.3,11.2,20.8,84.7,50.0,3.0,81.2,42.1,
2022-12-19,Dinner,500.2,4.4,0.2,0.2,0.2,0.0,0.0,1384.0,72.5,62.0,2.6,12.1,44.1,30.2,8.0,5.5,10.5,
2022-12-19,Lunch,488.5,17.0,18.4,4.2,4.2,0.0,69.3,205.9,0.0,59.6,9.5,18.5,28.9,6.6,69.1,8.6,13.3,
2022-12-19,Snacks,92.0,0.5,0.0,0.0,0.0,0.0,0.0,46.0,359.0,14.0,5.0,8.5,9.0,1.0,77.0,5.0,17.0,
2022-12-21,Breakfast,982.0,33.8,12.9,1.9,1.6,0.0,630.1,810.4,1330.7,84.3,11.2,20.8,84.7,50.0,3.0,81.2,42.1,
2022-12-21,Dinner,825.0,19.0,2.3,0.0,0.0,0.0,2.5,1335.0,10.0,102.5,8.5,14.5,57.5,0.0,0.0,8.0,24.0,
2022-12-21,Lunch,416.4,16.9,14.2,4.2,4.2,0.0,69.3,177.2,0.0,43.1,6.8,13.3,27.2,6.6,51.6,6.5,10.5,
2022-12-22,Breakfast,982.0,33.8,12.9,1.9,1.6,0.0,630.1,810.4,1330.7,84.3,11.2,20.8,84.7,50.0,3.0,81.2,42.1,
2022-12-22,Dinner,510.2,9.6,3.2,0.2,0.2,0.0,90.0,1684.5,90.0,64.0,2.8,4.1,35.4,30.2,8.0,10.0,26.0,
2022-12-22,Lunch,395.4,15.4,13.9,3.8,3.8,0.0,63.0,167.8,0.0,43.0,6.8,13.3,25.1,6.0,51.0,6.4,10.2,
2022-12-22,Snacks,92.0,0.5,0.0,0.0,0.0,0.0,0.0,46.0,359.0,14.0,5.0,8.5,9.0,1.0,77.0,5.0,17.0,
2022-12-23,Breakfast,1118.7,37.4,14.6,2.3,2.0,0.0,640.1,871.6,1604.0,101.0,13.2,24.0,93.8,57.5,3.0,97.3,46.9,
2022-12-23,Dinner,535.0,4.6,0.2,0.2,0.2,0.0,0.0,902.0,90.0,72.0,0.8,10.1,43.4,0.0,0.0,2.0,14.0,
2022-12-23,Lunch,426.0,9.4,15.0,0.0,0.0,0.0,90.0,1282.0,20.0,51.2,7.6,16.8,32.6,0.0,50.0,10.0,20.0,
2022-12-24,Breakfast,1118.7,37.4,14.6,2.3,2.0,0.0,640.1,871.6,1604.0,101.0,13.2,24.0,93.8,57.5,3.0,97.3,46.9,
2022-12-24,Dinner,460.0,4.6,0.2,0.2,0.2,0.0,0.0,2.0,70.0,57.0,0.8,0.1,43.4,0.0,0.0,2.0,14.0,
2022-12-24,Lunch,395.4,15.4,13.9,3.8,3.8,0.0,63.0,167.8,0.0,43.0,6.8,13.3,25.1,6.0,51.0,6.4,10.2,
2022-12-24,Snacks,137.0,1.0,0.0,0.0,0.0,0.0,0.0,46.0,589.0,25.0,7.0,15.0,10.0,2.0,152.0,7.0,17.0,
2022-12-26,Breakfast,942.0,45.7,9.5,11.6,11.6,0.0,189.0,284.4,84.0,68.7,1.0,0.1,69.5,18.0,18.0,5.4,25.8,
2022-12-26,Dinner,340.0,6.5,1.5,0.0,0.0,0.0,35.0,260.0,200.0,6.0,0.0,0.0,63.0,0.0,0.0,9.0,4.0,
2022-12-26,Lunch,625.0,15.0,2.3,0.0,0.0,0.0,2.5,1335.0,10.0,101.5,8.5,14.5,19.5,0.0,0.0,8.0,24.0,
2023-01-06,Breakfast,772.0,18.8,8.4,1.9,1.6,0.0,75.1,600.4,1330.7,84.3,11.2,20.8,66.7,32.0,3.0,75.2,30.1,
2023-01-06,Dinner,550.0,13.0,0.0,0.0,0.0,0.0,0.0,70.0,0.0,64.0,10.0,4.0,50.0,0.0,0.0,6.0,40.0,
2023-01-06,Lunch,600.0,22.1,9.1,0.3,0.3,2.5,87.5,83.8,87.5,70.0,1.0,0.1,33.1,0.0,0.0,2.5,30.0,
2023-01-06,Snacks,47.0,0.0,0.0,0.0,0.0,0.0,0.0,46.0,129.0,3.0,3.0,2.0,8.0,0.0,2.0,3.0,17.0,
2023-01-08,Breakfast,520.0,14.0,9.0,0.0,0.0,0.0,110.0,760.0,1200.0,22.0,0.0,12.0,76.0,30.0,0.0,78.0,8.0,
2023-01-08,Lunch,730.0,19.0,7.0,0.0,0.0,0.0,75.0,1035.0,0.0,100.0,8.0,14.0,39.0,0.0,0.0,4.0,30.0,
2023-01-09,Breakfast,380.0,11.5,7.5,0.0,0.0,0.0,75.0,500.0,1000.0,17.0,0.0,12.0,51.0,30.0,0.0,69.0,4.0,
2023-01-09,Dinner,1193.0,25.4,0.9,1.9,1.6,0.0,0.1,1110.4,330.7,158.0,25.2,22.8,73.0,2.0,3.0,16.2,66.1,
2023-01-09,Lunch,500.0,17.6,7.2,0.2,0.2,0.0,75.0,77.0,70.0,56.0,0.8,0.1,26.4,0.0,0.0,2.0,24.0,
2023-01-10,Breakfast,520.0,14.0,9.0,0.0,0.0,0.0,110.0,760.0,1200.0,22.0,0.0,12.0,76.0,30.0,0.0,78.0,8.0,
2023-01-10,Dinner,631.0,11.1,0.0,0.0,0.0,0.0,0.0,1010.0,0.0,90.7,14.0,14.0,31.3,0.0,0.0,10.0,40.0,
2023-01-10,Lunch,892.0,24.9,8.1,2.1,1.8,0.0,75.1,177.4,400.7,123.3,12.0,8.9,42.1,2.0,3.0,8.2,50.1,
2023-01-12,Breakfast,260.0,7.0,4.5,0.0,0.0,0.0,55.0,380.0,600.0,11.0,0.0,6.0,38.0,15.0,0.0,39.0,4.0,
2023-01-12,Dinner,230.0,3.5,2.0,0.0,0.0,0.0,15.0,250.0,520.0,8.0,0.0,7.0,42.0,0.0,0.0,100.0,0.0,
2023-01-12,Lunch,500.0,17.6,7.2,0.2,0.2,0.0,75.0,77.0,70.0,56.0,0.8,0.1,26.4,0.0,0.0,2.0,24.0,
2023-01-15,Breakfast,480.0,6.0,0.0,0.0,0.0,0.0,10.0,220.0,840.0,36.0,0.0,22.0,66.0,20.0,4.0,50.0,0.0,
2023-01-15,Dinner,240.0,17.0,4.5,0.0,0.0,0.0,100.0,80.0,0.0,0.0,0.0,0.0,21.0,15.0,4.0,0.0,8.0,
2023-01-15,Lunch,575.0,18.6,7.7,0.2,0.2,0.0,120.0,92.0,70.0,59.0,0.8,0.1,39.9,0.0,3.0,5.0,29.0,
2023-01-15,Snacks,210.0,15.0,4.5,0.0,0.0,0.0,555.0,210.0,0.0,0.0,0.0,0.0,18.0,18.0,0.0,6.0,12.0,
2023-01-24,Breakfast,1324.0,31.6,6.3,3.7,3.2,0.0,565.0,469.7,1426.4,147.7,16.4,23.6,105.3,38.0,8.0,74.4,50.2,
2023-01-24,Dinner,512.0,4.7,0.2,0.2,0.2,0.0,0.0,2.4,84.0,68.2,1.0,0.1,44.5,0.0,0.0,2.4,16.8,
2023-01-24,Lunch,343.6,20.1,2.9,1.3,0.3,0.0,0.0,1015.9,624.0,38.7,7.8,22.3,5.5,746.7,215.4,11.5,10.8,
2023-01-25,Breakfast,1088.8,25.9,6.7,2.1,2.6,0.0,394.4,335.2,1069.1,122.8,9.6,25.0,89.9,12.0,0.0,69.7,27.1,
2023-01-25,Dinner,509.6,4.0,0.0,0.0,0.0,0.0,0.0,33.9,0.0,77.8,2.9,0.0,42.7,0.0,0.0,0.0,0.0,
2023-01-25,Lunch,553.6,32.1,7.9,1.3,0.3,0.0,80.0,1075.9,624.0,40.7,7.8,22.3,28.5,746.7,217.4,13.5,20.8,
2023-02-16,Breakfast,1030.5,27.9,8.8,2.8,2.4,0.0,425.2,725.3,1039.8,122.3,20.3,22.2,77.0,27.0,6.0,49.3,42.7,
2023-02-16,Dinner,620.2,4.9,0.3,0.3,0.3,0.0,0.0,485.5,105.0,89.0,3.2,2.2,48.1,30.2,8.0,7.0,21.0,
2023-02-16,Lunch,468.0,15.0,3.1,3.8,3.8,0.0,63.0,259.0,1011.0,60.5,9.0,12.6,25.8,855.0,18.0,10.0,12.0,
2023-02-16,Snacks,385.0,1.0,0.0,0.0,0.0,0.0,0.0,48.0,1489.0,91.0,13.0,53.0,12.0,6.0,182.0,7.0,21.0,
2023-02-18,Breakfast,1269.5,29.0,15.5,0.0,0.0,0.0,295.1,1141.4,1471.1,173.0,12.0,73.0,84.0,28.0,56.0,92.1,33.0,
2023-02-18,Dinner,1065.3,31.3,6.7,8.1,8.1,0.0,126.0,1157.6,157.5,135.0,5.8,4.2,58.2,72.3,28.1,14.5,37.5,
2023-02-18,Snacks,15.0,0.0,0.0,0.0,0.0,0.0,0.0,0.0,0.0,3.0,0.0,2.0,0.0,83.0,50.0,33.0,0.0,
2023-03-02,Breakfast,1770.0,19.8,7.0,0.5,0.5,0.0,70.0,682.5,2306.5,216.0,10.8,53.2,178.2,19.0,32.0,146.5,56.5,
2023-03-09,Breakfast,1568.0,33.1,9.6,7.5,6.4,0.0,40.2,449.4,1972.9,239.3,34.7,19.2,78.6,32.0,0.0,78.8,88.5,
2023-03-09,Dinner,825.0,16.0,2.3,0.0,0.0,0.0,2.5,1345.0,10.0,142.5,10.5,16.5,26.5,0.0,0.0,8.0,34.0,
2023-03-09,Snacks,250.0,0.0,0.0,0.0,0.0,0.0,0.0,320.0,0.0,59.0,0.0,0.0,0.0,0.0,0.0,0.0,0.0,
2023-03-12,Breakfast,900.0,30.5,10.5,0.0,0.0,0.0,445.2,830.0,1390.0,71.0,10.0,26.0,81.0,44.0,0.0,79.0,36.0,
2023-03-12,Dinner,591.3,30.8,9.0,0.0,0.0,0.0,71.0,1004.0,133.8,52.8,6.5,4.0,24.8,0.1,0.0,6.1,14.2,
2023-03-12,Lunch,387.0,4.0,0.0,0.0,0.0,0.0,0.0,0.0,1054.0,45.2,3.4,1.7,43.1,0.0,76.5,3.4,10.2,
2023-03-12,Snacks,302.0,1.3,0.3,0.2,0.1,0.0,0.0,48.4,1203.9,67.9,11.1,37.4,11.6,11.1,111.2,6.2,20.4,
2023-03-23,Breakfast,811.0,18.0,4.8,0.2,0.1,8.0,55.0,428.4,1573.9,112.7,13.1,53.5,56.6,25.1,36.2,43.2,24.4,
2023-03-23,Dinner,795.0,22.0,2.3,0.0,0.0,0.0,2.5,1335.0,10.0,101.5,8.5,14.5,45.5,0.0,0.0,8.0,24.0,
2023-03-23,Snacks,307.0,7.0,4.5,0.0,0.0,0.0,55.0,426.0,729.0,14.0,3.0,8.0,46.0,15.0,2.0,42.0,21.0,
2023-03-24,Breakfast,896.0,23.2,4.5,0.0,0.0,8.0,55.0,426.0,1119.0,107.8,15.0,36.6,62.0,98.0,52.0,46.0,33.0,
2023-03-24,Dinner,795.0,22.0,2.3,0.0,0.0,0.0,2.5,1335.0,10.0,101.5,8.5,14.5,45.5,0.0,0.0,8.0,24.0,
2023-03-24,Snacks,307.0,7.0,4.5,0.0,0.0,0.0,55.0,426.0,729.0,14.0,3.0,8.0,46.0,15.0,2.0,42.0,21.0,
2023-03-25,Breakfast,680.9,10.5,0.8,2.5,1.2,4.0,0.0,6.9,502.9,126.2,6.5,23.1,21.7,5.0,17.1,15.7,26.3,
2023-03-25,Dinner,835.0,30.0,5.4,3.8,3.8,0.0,65.5,1429.0,10.0,102.0,8.5,14.5,40.5,6.0,6.0,9.0,27.0,
2023-03-25,Snacks,614.0,14.0,9.0,0.0,0.0,0.0,110.0,852.0,1458.0,28.0,6.0,16.0,92.0,30.0,4.0,84.0,42.0,
2023-03-26,Breakfast,680.3,22.4,3.5,2.6,5.2,8.0,105.6,267.2,255.9,88.2,4.6,16.7,30.7,0.0,0.0,2.3,15.7,
2023-03-26,Dinner,575.0,16.0,3.4,4.1,4.0,0.0,63.0,97.2,492.4,83.5,3.9,14.5,27.7,11.0,23.1,3.6,18.7,
2023-03-26,Snacks,614.0,14.0,9.0,0.0,0.0,0.0,110.0,852.0,1458.0,28.0,6.0,16.0,92.0,30.0,4.0,84.0,42.0,
2023-03-27,Breakfast,457.8,12.3,3.5,2.6,5.2,0.0,105.6,267.7,275.1,58.8,0.8,0.1,24.2,0.0,0.0,2.8,19.5,
2023-03-27,Dinner,491.5,22.0,4.4,5.3,5.3,0.0,88.2,146.6,806.0,44.0,5.1,1.6,36.4,8.4,66.9,4.0,12.0,
2023-03-27,Snacks,675.0,20.7,7.6,0.1,0.0,0.0,50.0,541.2,1422.4,81.0,4.6,30.9,42.8,42.5,17.1,75.6,1.7,
2023-03-28,Breakfast,802.8,40.3,8.9,6.4,9.0,0.0,171.1,736.7,285.1,60.8,1.3,0.6,46.7,6.0,6.0,7.8,26.5,
2023-03-28,Dinner,532.0,11.9,7.6,0.1,0.0,0.0,75.0,547.2,1551.4,47.0,6.1,28.4,60.3,35.0,19.1,72.6,22.7,
2023-03-28,Lunch,490.0,2.0,0.0,0.0,0.0,0.0,0.0,960.0,0.0,100.0,8.0,14.0,18.0,0.0,0.0,4.0,20.0,
2023-03-29,Breakfast,647.3,19.2,4.6,2.6,5.2,0.0,105.6,415.2,679.6,89.3,4.1,0.4,29.9,1.0,1.0,5.3,28.0,
2023-03-29,Dinner,867.0,21.5,6.1,3.8,3.8,0.0,83.0,1220.0,529.0,109.5,11.0,22.0,60.0,21.0,8.0,38.0,40.0,
2023-03-29,Snacks,427.0,11.5,7.5,0.0,0.0,0.0,75.0,546.0,1129.0,20.0,3.0,14.0,59.0,30.0,2.0,72.0,21.0,
2023-04-02,Breakfast,793.1,15.5,3.7,0.3,0.3,0.0,0.0,243.0,105.0,113.9,1.2,9.1,45.4,0.0,2.0,3.0,29.0,
2023-04-02,Dinner,753.1,33.6,12.9,0.0,0.0,0.0,0.0,1300.0,310.0,70.9,2.0,4.9,43.3,0.0,0.0,3.0,18.9,
2023-04-02,Snacks,380.0,11.5,7.5,0.0,0.0,0.0,75.0,500.0,1000.0,17.0,0.0,12.0,51.0,30.0,0.0,69.0,4.0,
2023-04-05,Breakfast,863.1,22.3,4.6,0.4,0.4,0.0,0.0,16.5,140.0,116.9,2.1,1.1,46.1,0.0,0.0,5.0,31.5,
2023-04-05,Dinner,575.0,23.0,2.8,0.0,0.0,0.0,2.5,1322.0,1110.0,38.5,4.5,10.5,56.5,0.0,0.0,18.0,34.0,
2023-04-05,Snacks,532.0,11.9,7.6,0.1,0.0,0.0,75.0,547.2,1551.4,47.0,6.1,28.4,60.3,35.0,19.1,72.6,22.7,
2023-04-25,Breakfast,852.0,29.3,9.4,1.9,1.6,0.0,630.1,480.4,730.7,76.3,11.2,15.8,70.7,35.0,3.0,42.2,38.1,
2023-04-25,Dinner,457.0,15.0,3.1,3.8,3.8,0.0,63.0,1104.0,694.0,55.5,6.0,18.4,24.2,572.0,14.0,7.0,9.0,
2023-04-25,Lunch,568.1,13.4,3.2,0.3,0.3,0.0,0.0,2.5,87.5,70.9,1.0,1.0,39.1,0.0,0.0,2.5,17.5,
2023-04-25,Snacks,302.0,1.3,0.3,0.2,0.1,0.0,0.0,48.4,1203.9,67.9,11.1,37.4,11.6,11.1,111.2,6.2,20.4,
2023-04-26,Breakfast,852.0,29.3,9.4,1.9,1.6,0.0,630.1,480.4,730.7,76.3,11.2,15.8,70.7,35.0,3.0,42.2,38.1,
2023-04-26,Dinner,457.0,15.0,3.1,3.8,3.8,0.0,63.0,1104.0,694.0,55.5,6.0,18.4,24.2,572.0,14.0,7.0,9.0,
2023-04-26,Lunch,568.1,13.4,3.2,0.3,0.3,0.0,0.0,2.5,87.5,70.9,1.0,1.0,39.1,0.0,0.0,2.5,17.5,
2023-04-26,Snacks,302.0,1.3,0.3,0.2,0.1,0.0,0.0,48.4,1203.9,67.9,11.1,37.4,11.6,11.1,111.2,6.2,20.4,
2023-04-27,Breakfast,852.0,29.3,9.4,1.9,1.6,0.0,630.1,480.4,730.7,76.3,11.2,15.8,70.7,35.0,3.0,42.2,38.1,
2023-04-27,Dinner,502.0,17.0,3.1,3.8,3.8,0.0,63.0,339.0,674.0,62.5,9.0,12.4,29.2,572.0,14.0,9.0,15.0,
2023-04-27,Lunch,524.1,13.0,3.1,0.2,0.2,0.0,0.0,56.5,389.5,62.9,3.6,5.2,38.0,283.0,4.0,4.5,13.5,
2023-04-27,Snacks,302.0,1.3,0.3,0.2,0.1,0.0,0.0,48.4,1203.9,67.9,11.1,37.4,11.6,11.1,111.2,6.2,20.4,
2023-04-28,Breakfast,852.0,29.3,9.4,1.9,1.6,0.0,630.1,480.4,730.7,76.3,11.2,15.8,70.7,35.0,3.0,42.2,38.1,
2023-04-28,Dinner,790.0,30.0,5.4,3.8,3.8,0.0,65.5,959.0,10.0,93.0,6.5,9.5,38.5,6.0,6.0,7.0,27.0,
2023-04-28,Lunch,458.1,12.6,2.9,0.0,0.0,0.0,0.0,137.5,842.5,50.9,7.5,11.4,36.3,707.5,10.0,7.5,7.5,
2023-04-28,Snacks,255.0,1.3,0.3,0.2,0.1,0.0,0.0,2.4,1074.9,64.9,8.1,35.4,3.6,11.1,109.2,3.2,3.4,
2023-04-29,Breakfast,852.0,29.3,9.4,1.9,1.6,0.0,630.1,480.4,730.7,76.3,11.2,15.8,70.7,35.0,3.0,42.2,38.1,
2023-04-29,Dinner,955.0,31.8,5.4,4.1,4.1,0.0,123.0,1096.5,887.5,138.5,11.0,0.1,51.8,306.0,6.0,53.5,40.5,
2023-04-29,Lunch,553.1,22.2,4.9,1.9,5.1,0.0,14.0,720.0,141.0,52.2,2.5,5.6,39.6,0.0,3.0,2.0,8.0,
2023-04-29,Snacks,255.0,1.3,0.3,0.2,0.1,0.0,0.0,2.4,1074.9,64.9,8.1,35.4,3.6,11.1,109.2,3.2,3.4,
2023-04-30,Breakfast,852.0,29.3,9.4,1.9,1.6,0.0,630.1,480.4,730.7,76.3,11.2,15.8,70.7,35.0,3.0,42.2,38.1,
2023-04-30,Dinner,425.0,15.0,3.1,3.8,3.8,0.0,63.0,231.5,842.5,50.5,7.5,10.5,25.0,713.5,16.0,8.5,10.5,
2023-04-30,Lunch,578.1,13.2,3.1,0.2,0.2,0.0,0.0,902.0,90.0,71.9,0.8,11.0,37.7,0.0,0.0,2.0,14.0,
2023-04-30,Snacks,302.0,1.3,0.3,0.2,0.1,0.0,0.0,48.4,1203.9,67.9,11.1,37.4,11.6,11.1,111.2,6.2,20.4,
2023-05-01,Breakfast,852.0,29.3,9.4,1.9,1.6,0.0,630.1,480.4,730.7,76.3,11.2,15.8,70.7,35.0,3.0,42.2,38.1,
2023-05-01,Lunch,578.1,13.2,3.1,0.2,0.2,0.0,0.0,902.0,90.0,71.9,0.8,11.0,37.7,0.0,0.0,2.0,14.0,
2023-05-01,Snacks,302.0,1.3,0.3,0.2,0.1,0.0,0.0,48.4,1203.9,67.9,11.1,37.4,11.6,11.1,111.2,6.2,20.4,
2023-05-02,Breakfast,972.0,33.8,12.4,1.9,1.6,0.0,650.1,600.4,1130.7,82.3,11.2,21.8,83.7,50.0,3.0,72.2,38.1,
2023-05-02,Dinner,425.0,15.0,3.1,3.8,3.8,0.0,63.0,231.5,842.5,50.5,7.5,10.5,25.0,713.5,16.0,8.5,10.5,
2023-05-02,Lunch,578.1,13.2,3.1,0.2,0.2,0.0,0.0,902.0,90.0,71.9,0.8,11.0,37.7,0.0,0.0,2.0,14.0,
2023-05-02,Snacks,302.0,1.3,0.3,0.2,0.1,0.0,0.0,48.4,1203.9,67.9,11.1,37.4,11.6,11.1,111.2,6.2,20.4,
2023-05-03,Breakfast,972.0,33.8,12.4,1.9,1.6,0.0,650.1,600.4,1130.7,82.3,11.2,21.8,83.7,50.0,3.0,72.2,38.1,
2023-05-03,Dinner,425.0,15.0,3.1,3.8,3.8,0.0,63.0,231.5,842.5,50.5,7.5,10.5,25.0,713.5,16.0,8.5,10.5,
2023-05-03,Lunch,503.1,13.2,3.1,0.2,0.2,0.0,0.0,2.0,70.0,56.9,0.8,1.0,37.7,0.0,0.0,2.0,14.0,
2023-05-03,Snacks,302.0,1.3,0.3,0.2,0.1,0.0,0.0,48.4,1203.9,67.9,11.1,37.4,11.6,11.1,111.2,6.2,20.4,
2023-05-04,Breakfast,972.0,33.8,12.4,1.9,1.6,0.0,650.1,600.4,1130.7,82.3,11.2,21.8,83.7,50.0,3.0,72.2,38.1,
2023-05-04,Dinner,352.3,8.5,2.1,0.2,0.2,0.0,0.0,1.5,52.5,42.6,0.6,0.7,25.0,0.0,0.0,1.5,10.5,
2023-05-04,Lunch,908.1,28.7,6.4,4.2,4.2,0.0,63.0,97.5,122.5,99.4,1.4,1.1,62.8,6.0,6.0,4.5,27.5,
2023-05-04,Snacks,197.0,0.9,0.1,0.1,0.0,0.0,0.0,47.2,781.4,41.0,8.1,22.9,10.3,6.0,94.1,5.6,18.7,
2023-05-05,Breakfast,972.0,33.8,12.4,1.9,1.6,0.0,650.1,600.4,1130.7,82.3,11.2,21.8,83.7,50.0,3.0,72.2,38.1,
2023-05-05,Dinner,980.0,33.0,5.4,3.8,3.8,0.0,65.5,994.0,10.0,125.0,11.5,11.5,50.5,6.0,6.0,10.0,47.0,
2023-05-05,Lunch,503.1,13.2,3.1,0.2,0.2,0.0,0.0,2.0,70.0,56.9,0.8,1.0,37.7,0.0,0.0,2.0,14.0,
2023-05-05,Snacks,45.0,0.5,0.0,0.0,0.0,0.0,0.0,0.0,230.0,11.0,2.0,6.5,1.0,1.0,75.0,2.0,0.0,
2023-05-06,Breakfast,972.0,33.8,12.4,1.9,1.6,0.0,650.1,600.4,1130.7,82.3,11.2,21.8,83.7,50.0,3.0,72.2,38.1,
2023-05-06,Dinner,705.0,21.8,3.1,3.8,3.8,0.0,63.0,564.0,0.0,86.0,2.0,5.0,51.5,6.0,6.0,3.0,3.0,
2023-05-06,Lunch,438.1,13.0,3.1,0.2,0.2,0.0,0.0,1.5,52.5,42.9,0.6,1.0,36.4,0.0,0.0,1.5,10.5,
2023-05-06,Snacks,45.0,0.5,0.0,0.0,0.0,0.0,0.0,0.0,230.0,11.0,2.0,6.5,1.0,1.0,75.0,2.0,0.0,
2023-05-07,Breakfast,250.0,7.0,4.0,0.0,0.0,0.0,75.0,170.0,400.0,9.0,0.0,7.0,37.0,15.0,0.0,30.0,0.0,
2023-05-07,Lunch,683.1,20.6,4.4,2.0,4.5,0.0,0.0,590.0,560.0,81.9,10.0,1.9,44.3,0.0,0.0,6.0,21.7,
2023-05-07,Snacks,460.0,14.0,2.0,0.0,0.0,0.0,0.0,700.0,0.0,14.0,14.0,0.0,70.0,0.0,0.0,2.0,144.0,
2023-05-08,Breakfast,230.0,7.0,1.0,0.0,0.0,0.0,0.0,350.0,0.0,7.0,7.0,0.0,35.0,0.0,0.0,1.0,72.0,
2023-05-08,Dinner,688.1,14.0,4.8,0.4,0.6,0.0,412.5,1761.5,356.7,89.9,8.3,4.4,49.6,17.1,9.9,19.0,10.8,
2023-05-08,Lunch,610.0,10.0,1.0,0.0,0.0,0.0,0.0,680.0,360.0,81.0,5.0,1.0,47.0,0.0,0.0,0.0,10.0,
2023-05-08,Snacks,821.8,31.8,4.5,0.3,0.5,0.0,66.5,832.4,1112.0,111.1,12.3,56.2,28.0,26.1,17.1,38.9,12.3,
2023-05-09,Breakfast,530.0,17.0,2.0,0.0,0.0,0.0,0.0,600.0,0.0,38.0,8.0,5.0,55.0,0.0,0.0,27.0,97.0,
2023-05-09,Lunch,725.6,22.0,3.7,3.8,3.8,0.0,63.0,94.0,0.0,66.6,0.0,0.0,64.9,6.0,6.0,1.0,7.0,
2023-05-09,Snacks,257.0,0.8,0.3,0.2,0.1,0.0,0.0,48.4,973.9,56.9,9.1,30.9,10.6,10.1,36.2,4.2,20.4,
2023-05-10,Breakfast,790.0,31.0,5.5,0.0,0.0,0.0,40.0,940.0,0.0,58.0,14.5,27.0,73.0,0.0,0.0,8.0,152.0,
2023-05-10,Lunch,380.3,5.7,0.3,0.0,0.0,0.0,0.0,0.0,0.0,38.2,0.0,0.0,41.4,0.0,0.0,0.0,2.3,
2023-05-10,Snacks,257.0,0.8,0.3,0.2,0.1,0.0,0.0,48.4,973.9,56.9,9.1,30.9,10.6,10.1,36.2,4.2,20.4,
2023-05-11,Breakfast,1007.0,25.8,6.4,1.9,1.6,0.0,70.0,869.9,783.2,77.8,22.2,8.8,118.7,15.0,0.0,46.2,164.1,
2023-05-11,Dinner,887.3,26.5,3.3,0.1,0.9,1.0,31.2,815.4,300.1,121.5,9.0,48.5,14.5,0.0,6.0,2.1,20.0,
2023-05-11,Snacks,100.0,0.0,0.0,0.0,0.0,0.0,0.0,125.0,40.0,22.0,0.0,7.0,0.0,0.0,0.0,2.0,0.0,
2023-05-12,Breakfast,460.0,14.0,2.0,0.0,0.0,0.0,0.0,700.0,0.0,14.0,14.0,0.0,70.0,0.0,0.0,2.0,144.0,
2023-05-12,Dinner,799.5,25.9,3.2,8.1,4.3,0.0,0.0,1210.1,995.5,109.8,20.4,24.5,40.8,363.3,98.1,93.5,51.0,
2023-05-12,Lunch,820.3,33.1,11.7,4.0,11.0,0.0,108.3,1463.9,867.7,71.4,16.5,4.2,62.7,0.3,21.9,38.2,37.5,
2023-05-24,Breakfast,795.5,30.9,7.3,2.8,2.4,0.0,555.0,277.8,570.3,94.8,15.3,9.2,37.5,19.0,3.0,14.3,42.7,
2023-05-24,Dinner,425.0,15.0,3.1,3.8,3.8,0.0,63.0,231.5,842.5,50.5,7.5,10.5,25.0,713.5,16.0,8.5,10.5,
2023-05-24,Lunch,550.0,4.1,0.3,0.3,0.3,0.0,0.0,3.0,105.0,84.8,1.2,0.2,38.5,0.0,0.0,3.0,21.0,
2023-05-24,Snacks,1052.0,15.3,8.3,0.2,0.1,0.0,75.0,1358.4,2203.9,157.9,12.1,92.4,76.6,41.1,111.2,83.7,60.4,
2023-05-31,Breakfast,725.5,25.9,5.8,2.8,2.4,0.0,370.0,207.8,570.3,94.8,15.3,9.2,31.5,13.0,3.0,12.3,38.7,
2023-05-31,Dinner,470.0,15.6,3.3,4.0,4.0,0.0,63.0,96.0,70.0,56.5,0.8,0.1,26.4,6.0,6.0,3.0,17.0,
2023-05-31,Lunch,530.0,3.7,0.3,0.3,0.3,0.0,0.0,3.0,105.0,84.7,1.2,0.2,34.7,0.0,0.0,3.0,21.0,
2023-05-31,Snacks,1097.0,25.1,12.3,0.2,0.1,0.0,105.0,728.4,2963.9,128.9,17.1,61.9,89.1,62.6,36.2,122.2,36.4,
2023-06-01,Breakfast,725.5,25.9,5.8,2.8,2.4,0.0,370.0,207.8,570.3,94.8,15.3,9.2,31.5,13.0,3.0,12.3,38.7,
2023-06-01,Dinner,470.0,15.6,3.3,4.0,4.0,0.0,63.0,96.0,70.0,56.5,0.8,0.1,26.4,6.0,6.0,3.0,17.0,
2023-06-01,Lunch,530.0,3.7,0.3,0.3,0.3,0.0,0.0,3.0,105.0,84.7,1.2,0.2,34.7,0.0,0.0,3.0,21.0,
2023-06-01,Snacks,957.0,22.6,10.8,0.2,0.1,0.0,70.0,468.4,2763.9,123.9,17.1,61.9,64.1,62.6,36.2,113.2,32.4,
2023-06-20,Breakfast,1092.5,29.4,11.8,2.8,2.4,0.0,445.0,647.3,1439.8,128.0,13.7,13.2,79.7,42.0,0.0,79.3,40.7,
2023-06-20,Dinner,600.0,15.9,3.4,4.1,4.1,0.0,63.0,97.0,105.0,84.5,1.2,0.2,29.1,6.0,6.0,4.0,24.0,
2023-06-20,Lunch,630.0,17.9,7.3,0.3,0.3,0.0,75.0,78.0,105.0,84.0,1.2,0.2,29.1,0.0,0.0,3.0,31.0,
2023-06-20,Snacks,257.0,0.8,0.3,0.2,0.1,0.0,0.0,48.4,973.9,56.9,9.1,30.9,10.6,10.1,36.2,4.2,20.4,
2023-07-09,Breakfast,1050.0,22.0,8.5,0.0,0.0,0.0,425.0,1620.0,600.0,138.0,2.0,53.0,78.0,27.0,0.0,60.0,84.0,
2023-07-09,Dinner,750.0,22.0,2.3,0.0,0.0,0.0,2.5,865.0,10.0,92.5,6.5,9.5,43.5,0.0,0.0,6.0,24.0,
2023-07-09,Lunch,600.0,15.9,3.4,4.1,4.1,0.0,63.0,97.0,105.0,84.5,1.2,0.2,29.1,6.0,6.0,4.0,24.0,
2023-07-09,Snacks,137.0,1.0,0.0,0.0,0.0,0.0,0.0,46.0,589.0,25.0,7.0,15.0,10.0,2.0,152.0,7.0,17.0,
2023-07-18,Breakfast,765.0,5.4,1.1,0.1,0.0,0.0,0.0,1021.2,1322.4,153.0,9.1,74.4,33.3,7.0,217.1,21.6,103.7,
2023-07-18,Dinner,645.0,3.0,0.0,0.0,0.0,0.0,0.0,500.0,0.0,132.0,8.0,11.0,23.0,0.0,0.0,2.0,30.0,
2023-07-18,Lunch,780.0,10.9,3.3,0.3,0.3,0.0,370.0,143.0,1005.0,139.0,5.2,46.2,27.1,14.0,200.0,11.0,59.0,
2023-07-18,Snacks,1455.4,19.0,4.5,6.0,3.0,0.0,0.0,1653.4,343.7,327.2,5.7,217.0,12.3,0.0,0.7,4.5,40.0,
2023-07-20,Breakfast,464.9,0.0,0.0,0.0,0.0,0.0,0.0,0.0,1902.0,109.9,8.5,97.2,8.5,4.2,422.7,8.5,63.4,
2023-07-20,Dinner,645.0,3.0,0.0,0.0,0.0,0.0,0.0,500.0,0.0,132.0,8.0,11.0,23.0,0.0,0.0,2.0,30.0,
2023-07-20,Lunch,1892.0,30.0,11.0,0.0,0.0,0.0,115.0,2172.0,316.0,392.2,8.6,291.4,33.9,6.0,2.5,16.8,40.0,
2023-07-20,Snacks,1005.0,24.4,7.1,4.1,2.0,0.0,0.0,821.2,882.4,183.0,13.1,88.4,23.3,45.0,117.1,70.6,71.7,
2023-07-21,Breakfast,1123.3,5.1,1.0,0.0,0.0,0.0,0.0,1030.1,2080.1,240.2,10.5,162.0,36.5,4.2,422.7,34.1,135.9,
2023-07-21,Dinner,645.0,3.0,0.0,0.0,0.0,0.0,0.0,500.0,0.0,132.0,8.0,11.0,23.0,0.0,0.0,2.0,30.0,
2023-07-21,Lunch,468.0,4.4,1.1,0.2,1.6,0.0,75.0,331.4,960.9,78.9,7.1,32.0,40.2,10.1,40.2,5.2,11.4,
2023-07-21,Snacks,2116.0,38.0,10.0,8.0,4.0,0.0,0.0,1816.0,838.0,431.6,16.3,267.2,32.4,60.0,101.2,90.9,101.5,
2023-07-22,Breakfast,1054.9,5.0,1.0,0.0,0.0,0.0,0.0,1320.0,1902.0,219.9,10.5,147.2,36.5,4.2,422.7,25.5,135.4,
2023-07-22,Dinner,445.0,2.0,0.0,0.0,0.0,0.0,0.0,490.0,0.0,91.0,6.0,9.0,16.0,0.0,0.0,2.0,20.0,
2023-07-22,Lunch,2264.0,8.0,0.0,0.0,0.0,0.0,0.0,784.0,472.0,578.4,9.2,500.7,13.8,0.0,5.0,3.6,30.0,
2023-07-22,Snacks,850.0,14.8,4.3,0.2,0.1,0.0,0.0,752.4,1244.9,171.9,14.1,104.9,20.6,30.1,134.2,51.2,53.4,
2023-07-23,Breakfast,590.0,3.5,0.7,0.1,0.0,0.0,0.0,718.7,422.4,126.3,4.4,56.2,18.8,5.0,17.1,11.2,46.7,
2023-08-23,Breakfast,777.0,19.8,6.9,1.9,1.6,0.0,55.0,444.9,986.2,101.8,9.2,40.8,52.2,15.0,0.0,44.2,24.1,
2023-08-23,Dinner,530.0,3.7,0.3,0.3,0.3,0.0,0.0,3.0,105.0,84.7,1.2,0.2,34.7,0.0,0.0,3.0,21.0,
2023-08-23,Lunch,785.0,33.0,9.3,0.0,0.0,0.0,77.5,460.0,10.0,83.5,4.5,4.5,36.5,0.0,0.0,4.0,34.0,
2023-08-23,Snacks,370.3,9.3,1.3,1.5,1.6,0.0,69.5,1652.9,605.9,45.1,4.0,5.3,27.0,0.0,0.0,6.0,11.3,
2023-08-26,Breakfast,350.0,14.5,6.0,0.0,0.0,0.0,55.0,440.0,693.0,15.0,1.0,8.0,41.5,15.0,0.0,40.0,5.0,
2023-08-26,Dinner,836.0,37.6,0.0,0.0,0.0,0.0,0.0,595.0,0.0,39.0,5.0,6.0,39.0,0.0,0.0,0.0,0.0,
2023-08-26,Lunch,470.3,19.3,2.8,1.5,1.6,0.0,89.5,1752.9,605.9,45.1,4.0,5.3,27.0,0.0,0.0,6.0,11.3,
2023-08-26,Snacks,922.0,50.5,12.1,0.4,1.5,0.0,79.0,227.0,45.0,65.1,4.0,2.0,22.0,0.0,0.0,0.0,0.0,
2023-08-27,Breakfast,799.0,16.8,8.4,1.9,1.6,0.0,75.0,504.9,1293.2,100.5,9.6,12.8,62.4,30.0,0.0,73.2,23.1,
2023-08-27,Dinner,640.0,19.0,7.0,0.0,0.0,0.0,75.0,95.0,0.0,82.0,4.0,4.0,35.0,0.0,0.0,0.0,30.0,
2023-08-27,Lunch,620.0,3.9,0.4,0.4,0.4,0.0,0.0,48.5,122.5,103.7,3.4,2.2,38.1,100.0,40.0,5.5,28.5,
2023-08-27,Snacks,560.0,5.0,1.0,0.0,0.0,0.0,0.0,1020.0,0.0,106.0,2.0,46.0,28.0,0.0,0.0,17.0,72.0,
2023-08-28,Breakfast,720.0,13.3,3.0,2.0,4.5,0.0,35.0,850.0,760.0,86.7,10.0,1.0,63.6,0.0,0.0,15.0,25.7,
2023-08-28,Dinner,450.0,3.4,0.2,0.2,0.2,0.0,0.0,2.0,70.0,66.7,0.8,0.1,34.0,0.0,0.0,2.0,14.0,
2023-08-28,Lunch,820.0,32.0,9.3,0.0,0.0,0.0,77.5,940.0,10.0,92.5,6.5,9.5,38.5,0.0,0.0,6.0,34.0,
2023-08-28,Snacks,540.0,5.0,1.0,0.0,0.0,0.0,0.0,1190.0,0.0,100.0,3.0,38.0,28.0,0.0,0.0,17.0,72.0,
2023-08-29,Breakfast,696.0,18.6,4.4,4.8,6.5,0.0,35.0,335.9,730.0,90.9,13.1,2.9,44.6,0.0,0.0,16.1,34.2,
2023-08-29,Dinner,1020.0,33.0,9.3,0.0,0.0,0.0,77.5,950.0,10.0,133.5,8.5,11.5,45.5,0.0,0.0,6.0,44.0,
2023-08-29,Lunch,400.0,3.4,0.2,0.2,0.2,0.0,0.0,2.0,70.0,56.7,0.8,0.1,32.0,0.0,0.0,2.0,14.0,
2023-08-29,Snacks,727.4,5.5,1.0,0.1,0.2,0.0,0.0,1030.1,413.6,147.4,4.1,79.7,29.0,0.0,23.7,26.5,73.9,
2023-08-30,Breakfast,1311.0,21.7,8.1,0.1,0.0,0.0,135.0,1601.2,579.4,229.8,14.5,143.2,62.1,7.0,32.1,22.6,2.7,
2023-08-30,Lunch,980.0,28.0,6.8,0.0,0.0,0.0,72.5,945.0,10.0,133.5,8.5,11.5,47.5,0.0,0.0,6.0,49.0,
2023-09-07,Dinner,970.0,27.0,6.3,0.0,0.0,0.0,52.5,935.0,10.0,133.5,8.5,11.5,47.5,0.0,0.0,6.0,44.0,
2023-09-07,Lunch,730.0,20.0,1.5,0.0,0.0,0.0,20.0,100.0,0.0,96.0,0.0,0.0,41.0,0.0,0.0,0.0,0.0,
2023-09-07,Snacks,800.9,20.2,9.3,2.1,8.0,0.0,47.8,134.1,2324.3,128.2,13.8,76.1,38.7,20.7,142.9,40.4,8.5,
2023-09-24,Breakfast,342.6,11.8,6.5,0.0,0.0,0.0,70.0,390.0,200.0,25.6,2.7,18.4,34.5,6.0,24.4,40.1,6.2,
2023-09-24,Dinner,802.2,20.2,8.2,1.4,8.7,0.0,55.5,1193.1,718.4,78.5,7.0,12.2,28.4,115.5,25.5,15.5,34.3,
2023-09-24,Lunch,769.5,27.4,7.0,0.2,0.2,0.0,150.0,512.0,70.0,83.3,13.8,1.4,44.7,22.5,6.0,2.0,26.0,
2023-09-25,Breakfast,428.0,16.3,9.0,0.0,0.0,0.0,87.6,455.3,200.0,32.1,2.7,24.9,39.0,9.0,24.4,55.2,6.2,
2023-09-25,Dinner,730.0,20.0,1.5,0.0,0.0,0.0,20.0,100.0,0.0,96.0,0.0,0.0,41.0,0.0,0.0,0.0,0.0,
2023-09-25,Lunch,1249.1,44.0,9.6,1.4,9.8,0.0,149.9,1140.2,2160.1,152.0,8.0,17.0,68.5,22.5,6.0,26.0,101.1,
2023-09-27,Breakfast,428.0,16.3,9.0,0.0,0.0,0.0,87.6,455.3,200.0,32.1,2.7,24.9,39.0,9.0,24.4,55.2,6.2,
2023-09-27,Dinner,853.3,26.6,7.1,0.4,0.3,0.0,149.9,125.9,391.5,111.2,2.6,23.4,40.7,22.5,14.0,4.5,36.0,
2023-09-27,Lunch,1155.0,23.0,2.6,0.4,0.3,0.0,2.5,849.0,445.5,188.5,11.3,7.6,55.9,0.0,2.5,10.0,36.5,
2023-09-27,Snacks,42.0,0.1,0.0,0.0,0.0,0.0,11.0,0.0,135.0,12.6,1.6,7.0,0.8,23.0,52.0,0.0,0.0,
2023-10-10,Breakfast,702.0,22.5,12.0,0.0,0.0,0.4,70.0,635.0,810.0,74.7,3.4,31.0,53.7,0.0,0.0,58.4,25.0,
2023-10-10,Dinner,780.0,22.0,2.3,0.0,0.0,0.0,2.5,845.0,10.0,112.5,2.5,5.5,41.5,0.0,0.0,6.0,4.0,
2023-10-10,Lunch,1195.0,26.6,7.2,1.7,2.7,0.0,185.0,1872.0,504.0,168.0,5.3,19.1,70.4,0.0,0.0,15.8,49.6,
2023-10-12,Breakfast,702.0,22.5,12.0,0.0,0.0,0.4,70.0,635.0,810.0,74.7,3.4,31.0,53.7,0.0,0.0,58.4,25.0,
2023-10-12,Dinner,780.0,22.0,2.3,0.0,0.0,0.0,2.5,845.0,10.0,112.5,2.5,5.5,41.5,0.0,0.0,6.0,4.0,
2023-10-12,Lunch,990.0,17.5,7.6,0.2,0.2,0.4,91.3,1574.5,690.5,151.8,3.2,31.9,57.2,0.0,0.0,50.3,91.2,
2023-10-12,Snacks,390.0,12.0,2.5,0.0,0.0,0.0,60.0,1110.0,0.0,47.0,2.0,1.0,22.0,0.0,10.0,2.0,20.0,
2023-10-13,Breakfast,870.0,32.5,16.5,0.0,0.0,0.4,70.0,885.0,1020.0,75.0,4.0,51.0,73.0,0.0,0.0,77.9,45.0,
2023-10-13,Dinner,540.0,19.0,3.3,0.0,0.0,0.0,2.5,865.0,2210.0,48.5,24.5,11.5,53.5,0.0,0.0,26.0,64.0,
2023-10-13,Lunch,946.0,26.0,7.4,0.4,0.4,0.0,70.0,949.0,140.0,138.0,1.6,0.2,34.8,0.0,0.0,4.0,28.0,
2023-10-14,Breakfast,910.0,32.5,16.5,0.0,0.0,0.4,70.0,890.0,1020.0,84.5,6.0,57.5,73.5,0.0,3.0,77.9,46.0,
2023-10-14,Lunch,940.0,47.0,16.5,0.0,0.0,0.0,130.0,2860.0,0.0,107.0,9.0,21.0,41.0,0.0,0.0,0.0,0.0,
2023-10-16,Breakfast,460.0,12.5,6.0,0.0,0.0,0.0,35.0,515.0,410.0,43.5,4.0,26.5,45.5,0.0,3.0,28.5,25.0,
2023-10-16,Dinner,875.0,24.5,14.0,0.0,5.3,0.0,70.0,1925.0,0.0,129.5,7.0,10.5,31.5,0.0,0.0,28.0,21.0,
2023-10-16,Lunch,1020.0,21.0,3.3,2.5,1.5,0.0,2.5,1325.0,10.0,180.5,16.5,22.5,30.5,0.0,0.0,6.0,12.0,
2023-10-17,Breakfast,890.0,17.5,8.5,0.0,0.0,0.4,70.0,1580.0,600.0,126.5,5.0,55.5,61.5,0.0,3.0,55.9,78.0,
2023-10-17,Dinner,587.5,18.6,7.4,0.7,0.4,0.0,70.0,814.5,314.0,73.6,3.4,1.7,29.5,0.0,0.0,7.4,38.3,
2023-10-17,Lunch,971.2,12.3,1.1,0.0,0.0,0.0,45.9,640.7,1115.4,159.7,9.8,24.9,67.6,927.0,10.8,8.3,8.6,
2023-10-17,Snacks,300.0,1.8,0.3,0.2,0.1,0.0,0.0,2.4,1304.9,75.9,10.1,41.9,4.6,12.1,184.2,5.2,3.4,
2023-11-06,Breakfast,350.0,12.5,7.5,0.0,0.0,0.4,70.0,390.0,600.0,26.5,2.0,17.5,33.5,0.0,3.0,38.9,6.0,
2023-11-06,Dinner,780.0,22.0,2.3,0.0,0.0,0.0,2.5,845.0,10.0,112.5,2.5,5.5,41.5,0.0,0.0,6.0,4.0,
2023-11-06,Lunch,1181.4,17.5,1.4,3.3,3.3,0.0,47.6,1573.8,307.5,179.2,7.0,10.1,73.7,0.0,21.2,8.6,33.7,
2023-11-06,Snacks,300.0,1.8,0.3,0.2,0.1,0.0,0.0,2.4,1304.9,75.9,10.1,41.9,4.6,12.1,184.2,5.2,3.4,
2023-11-29,Breakfast,1004.7,29.8,11.6,1.9,3.6,0.0,445.0,1004.9,2365.2,108.7,15.7,32.7,81.4,367.1,84.7,91.3,74.5,
2023-11-29,Dinner,718.0,16.3,1.2,0.0,0.0,0.0,0.0,483.0,0.0,111.7,2.5,5.1,40.9,0.0,0.0,2.0,0.0,
2023-11-29,Lunch,625.0,9.1,3.4,0.4,0.4,0.0,70.0,78.5,123.3,98.0,1.4,0.2,32.5,0.0,0.0,3.5,39.5,
2023-11-29,Snacks,257.3,9.1,0.0,0.0,0.1,0.0,0.0,0.0,58.9,28.3,0.5,3.7,20.3,0.0,5.9,0.2,0.4,
2023-11-30,Breakfast,1150.0,40.0,12.0,0.0,0.0,0.5,415.0,1780.0,0.0,89.0,10.0,37.0,44.0,0.0,390.0,15.0,0.0,
2023-11-30,Dinner,1060.0,56.0,24.0,0.0,0.0,0.0,320.0,1660.0,860.0,58.0,8.0,10.0,80.0,0.0,0.0,34.0,23.3,
2023-11-30,Lunch,210.0,2.5,0.0,0.0,0.0,0.0,20.0,230.0,630.0,10.0,6.0,1.0,40.0,0.0,0.0,65.0,25.0,
2023-11-30,Snacks,279.5,14.9,9.2,0.6,4.0,0.0,59.4,108.0,268.7,31.9,0.9,28.6,4.7,0.0,1.4,17.3,0.7,
2023-12-01,Breakfast,864.7,19.8,8.6,1.9,3.6,0.0,75.0,864.9,2365.2,106.7,15.7,32.7,69.4,355.1,84.7,87.3,66.5,
2023-12-01,Dinner,680.0,40.0,12.0,0.0,0.0,0.0,160.0,2200.0,0.0,48.0,1.0,1.0,38.0,0.0,0.0,0.0,0.0,
2023-12-01,Lunch,675.0,3.6,1.4,0.4,0.4,0.0,412.5,1733.5,412.5,103.5,3.4,0.2,49.0,97.5,60.0,28.5,44.5,
2023-12-03,Breakfast,398.7,10.0,6.0,0.0,1.5,0.0,65.0,562.5,1653.0,38.7,4.7,24.1,41.3,347.6,84.7,62.6,35.4,
2023-12-03,Dinner,802.0,34.4,13.3,0.0,0.0,0.0,129.0,1441.0,0.0,58.6,6.8,7.1,40.5,0.0,0.0,0.0,0.0,
2023-12-03,Lunch,667.7,23.7,3.2,12.3,4.6,0.0,51.6,865.3,695.5,74.2,10.0,6.2,38.3,0.0,0.0,16.2,34.3,
2023-12-04,Breakfast,1085.7,33.4,13.2,1.9,4.0,0.0,478.5,688.8,2212.6,114.7,13.5,43.5,82.7,365.9,90.9,113.9,63.6,
2023-12-04,Dinner,596.1,12.2,0.8,0.0,0.0,0.0,22.5,574.1,0.0,86.0,2.4,5.0,42.1,0.0,0.0,2.0,1.0,
2023-12-04,Lunch,541.0,8.3,0.3,0.3,0.3,0.0,70.0,352.5,667.5,77.2,5.0,0.1,38.0,180.0,120.0,22.5,53.5,
2023-12-04,Snacks,437.3,20.1,6.0,0.0,0.1,0.0,0.0,305.0,228.9,42.3,5.5,6.7,30.3,0.0,5.9,14.2,16.4,
2023-12-05,Breakfast,1085.7,33.4,13.2,1.9,4.0,0.0,478.5,688.8,2212.6,114.7,13.5,43.5,82.7,365.9,90.9,113.9,63.6,
2023-12-05,Dinner,718.0,16.3,1.2,0.0,0.0,0.0,0.0,483.0,0.0,111.7,2.5,5.1,40.9,0.0,0.0,2.0,0.0,
2023-12-05,Lunch,455.0,2.3,0.3,0.3,0.3,0.0,70.0,142.5,87.5,73.0,2.0,1.1,34.8,80.0,20.0,8.5,29.5,
2023-12-05,Snacks,247.3,8.1,3.0,0.0,0.1,0.0,5.0,0.0,58.9,28.3,2.5,3.7,20.3,0.0,5.9,10.2,15.4,
